STT	type	tên gi?ng loài	tu?i th? trung bình	cân n?ng trung bình	chi?u cao trung bình	chi?u dài trung bình	cách ch?m	giá có gi?y t?	giá không gi?y t?	giá qu?c t?	score_energy	score_space	score_grooming	score_kid_friendly	score_size	size_index
0	Dog	chihuahua	11 n?m - 20 n?m	1.5 – 3 kg	15 – 23 cm	24 – 38 cm	"Chihuahua có th? tr?ng nh? bé và khá nh?y c?m, vì v?y vi?c ch?m sóc c?n s? c?n th?n. V? ch? ?? ?n u?ng, chúng d? b? h? ???ng huy?t nên c?n ???c chia kh?u ph?n thành nhi?u b?a nh? trong ngày thay vì cho ?n quá nhi?u vào m?t b?a. Th?c ?n nên giàu ??m, ít béo và có th? b? sung rau c? qu? m?m ?? h? tr? tiêu hóa. Do kích th??c nh?, Chihuahua không c?n v?n ??ng nhi?u nh? các gi?ng chó l?n; ch? c?n ???c d?t ?i d?o kho?ng 15–30 phút m?i ngày và ch?i trong nhà c?ng ?? giúp chúng duy trì th? l?c.  
  
V? s?c kh?e, ?ây là gi?ng chó d? g?p v?n ?? v? r?ng mi?ng, do ?ó c?n v? sinh r?ng th??ng xuyên ?? tránh viêm n??u ho?c r?ng r?ng s?m. Chúng c?ng khá nh?y c?m v?i th?i ti?t l?nh, nên c?n m?c áo gi? ?m khi tr?i tr? l?nh ho?c khi ?i ra ngoài vào mùa ?ông. Ngoài ra, vì x??ng kh?p c?a Chihuahua y?u và d? b? tr?t x??ng bánh chè hay viêm khí qu?n, b?n nên tránh ?? chó nh?y t? ch? cao xu?ng hay v?n ??ng quá m?nh.  
  
Tính cách c?a Chihuahua r?t thông minh, trung thành nh?ng l?i hay s?a n?u không ???c hu?n luy?n t? nh?. Vi?c xã h?i hóa s?m là c?n thi?t ?? giúp chúng hòa ??ng h?n, tránh c?n ng??i l? ho?c xung ??t v?i các v?t nuôi khác. N?u ???c nuôi d?y ?úng cách, Chihuahua s? tr? thành m?t ng??i b?n ??ng hành tuy?t v?i, thân thi?t và giàu tình c?m."	10 – 20 tri?u VN?	3 – 6 tri?u VN?	500 – 2000 USD	2	1	3	2	small	0.310351602
1	Dog	japanese_spaniel	10 n?m - 14 n?m	1.8 – 6.8 kg	20 – 28 cm	28 – 36 cm	"Japanese Spaniel là gi?ng chó nh?, thanh l?ch, th??ng ???c ví nh? “quý t?c cung ?ình Nh?t B?n”. Vì có kích th??c nh? và tính cách tr?m t?nh, chúng phù h?p s?ng trong c?n h? ho?c nhà ph?. V? ch? ?? ?n u?ng, c?n cho ?n kh?u ph?n cân b?ng v?i protein t? th?t gà, cá ho?c c?u, k?t h?p rau c? và m?t ít tinh b?t. Do h? tiêu hóa nh?y c?m, vi?c cho ?n c?n ??u ??n, tránh th?c ?n d?u m? ho?c gia v? m?nh.  
  
Gi?ng chó này có b? lông dài, m??t và khá dày nên c?n ???c ch?i chu?t th??ng xuyên, ít nh?t 2–3 l?n/tu?n ?? tránh r?i lông. Khi th?i ti?t nóng, b?n nên chú ý gi? mát cho chúng vì d? b? s?c nhi?t, còn khi tr?i l?nh có th? c?n thêm áo gi? ?m. Chúng không ?òi h?i v?n ??ng m?nh; ch? c?n ???c d?t ?i d?o ng?n ho?c ch?i nh? trong nhà m?i ngày là ?? ?? duy trì th? tr?ng và tinh th?n.  
  
V? s?c kh?e, Japanese Spaniel d? g?p v?n ?? v? m?t (l?i, khô m?t, viêm giác m?c), ???ng hô h?p (do m?t ng?n) và r?ng mi?ng. Vì v?y c?n v? sinh r?ng ??nh k? và ??a ?i ki?m tra thú y ??u ??n. ?ây c?ng là gi?ng chó nh?y c?m v? c?m xúc, th??ng g?n bó và qu?n ch?, nên c?n ???c quan tâm và tránh ?? chúng cô ??n quá lâu. N?u ???c nuôi d??ng ?úng cách, Japanese Spaniel s? là m?t chú chó nh? thanh l?ch, tình c?m và r?t trung thành."	20 – 40 tri?u VN?	10 – 20 tri?u VN?	1500 – 3000 USD (nh?ng con có gia ph? ??p có th? t?i 5000 USD)	2	2	4	3	small	0.388770452
2	Dog	maltese_dog	12 n?m - 15 n?m 	2.5 – 3.2 kg	20 – 25 cm	25 – 30 cm	"Maltese là gi?ng chó nh? nh?n, quý phái v?i b? lông tr?ng mu?t dài th??t tha, vì v?y vi?c ch?m sóc lông là ?u tiên hàng ??u. B? lông c?n ???c ch?i chu?t h?ng ngày ?? tránh r?i và t?m th??ng xuyên b?ng s?a t?m chuyên d?ng cho chó lông tr?ng ?? gi? màu sáng ??p. Nhi?u ng??i c?t t?a ng?n ?? d? ch?m sóc và v? sinh. ??c bi?t, lông quanh m?t d? b? ? vàng nên c?n lau s?ch b?ng kh?n ?m ho?c dung d?ch chuyên d?ng.  
  
V? ch? ?? ?n u?ng, Maltese c?n ???c cung c?p th?c ?n giàu protein t? th?t gà, cá h?i ho?c c?u k?t h?p v?i rau c?. Do kích th??c nh?, chúng d? b? th?a cân n?u cho ?n quá nhi?u, nên c?n ki?m soát kh?u ph?n và chia thành 2–3 b?a nh? m?i ngày. Maltese khá hi?u ??ng và thông minh, vì v?y c?n ???c d?t ?i d?o ho?c cho ch?i trong nhà h?ng ngày ?? gi?i phóng n?ng l??ng và duy trì tinh th?n vui v?.  
  
V? s?c kh?e, Maltese d? m?c b?nh r?ng mi?ng do hàm nh?, nên c?n ?ánh r?ng ??nh k? và cho nhai ?? g?m s?ch r?ng. Ngoài ra, chúng c?ng nh?y c?m v?i ???ng hô h?p và có th? g?p v?n ?? v? kh?p x??ng nh? tr?t x??ng bánh chè. ?ây là gi?ng chó r?t thân thi?n, thông minh và qu?n ch?, thích ???c ? g?n ng??i, nên không phù h?p ?? ? m?t mình quá lâu vì có th? b? lo âu chia ly. N?u ???c nuôi d??ng và ch?m sóc ?úng cách, Maltese s? là m?t chú chó nh? xinh x?n, s?ch s? và c?c k? tình c?m."	20 – 40 tri?u VN?	8 – 15 tri?u VN?	1500 – 4000 USD (cá th? có dòng dõi ??p có th? lên t?i 5000 USD)	3	1	1	2	small	0.329793989
3	Dog	pekinese	12 n?m - 15 n?m 	3.2 – 6.4 kg	15 – 23 cm	25 – 33 cm	"Pekingese là gi?ng chó nh? có b? lông dài, dày và g??ng m?t d?t ??c tr?ng. Chính vì v?y, vi?c ch?m sóc lông là ?i?u quan tr?ng hàng ??u. Lông c?n ???c ch?i chu?t h?ng ngày ?? tránh r?i và r?ng nhi?u, ??ng th?i nên t?m ??u ??n b?ng s?a t?m chuyên d?ng ?? gi? lông s?ch và bóng m??t. Do có nhi?u n?p nh?n quanh m?t, b?n c?n th??ng xuyên lau s?ch ?? tránh viêm da ho?c nhi?m khu?n.  
  
V? ch? ?? ?n u?ng, Pekingese d? b? béo phì do tính cách ít v?n ??ng, vì v?y c?n cho ?n kh?u ph?n h?p lý, nhi?u protein t? th?t n?c (gà, cá, bò), k?t h?p v?i rau c? qu?. Nên chia thành 2–3 b?a/ngày và h?n ch? th?c ?n nhi?u tinh b?t ho?c d?u m?. Gi?ng chó này không c?n v?n ??ng m?nh, nh?ng v?n nên ???c d?t ?i d?o nh? nhàng 20–30 phút m?i ngày ?? duy trì s?c kh?e và tránh th?a cân.  
  
V? s?c kh?e, do c?u t?o m?t ng?n (brachycephalic), Pekingese d? b? khó th?, ??c bi?t trong môi tr??ng nóng ?m, nên c?n gi? mát và tránh cho ra ngoài khi tr?i quá nóng. Chúng c?ng d? g?p b?nh v? m?t (khô m?t, viêm giác m?c) và c?t s?ng (do thân dài). Ngoài ra, gi?ng chó này r?t g?n bó v?i ch?, thông minh nh?ng có chút b??ng b?nh, vì v?y c?n hu?n luy?n kiên nh?n và xã h?i hóa t? s?m ?? s?ng hòa thu?n v?i tr? em và thú c?ng khác.  
  
N?u ???c nuôi d??ng và ch?m sóc chu ?áo, Pekingese s? tr? thành m?t ng??i b?n nh? trung thành, ?i?m t?nh và giàu tình c?m, ?úng nh? hình ?nh ""chó quý t?c cung ?ình"" trong l?ch s? Trung Hoa."	15 – 30 tri?u VN?	7 – 12 tri?u VN?	1500 – 3000 USD (cá th? có huy?t th?ng cao c?p có th? ??t 5000 USD)	1	3	4	1	small	0.351957878
4	Dog	shih_tzu	10 n?m - 16 n?m 	4 – 8 kg	20 – 27 cm	28 – 34 cm	"Shih Tzu n?i b?t v?i b? lông dài, m??t và g??ng m?t tròn d? th??ng. B? lông c?a chúng c?n ???c ch?m sóc k? l??ng: ch?i chu?t h?ng ngày ?? tránh r?i, t?m th??ng xuyên và có th? c?t t?a ng?n ?? d? v? sinh và tho?i mái h?n trong khí h?u nóng ?m nh? Vi?t Nam. Lông quanh m?t nên ???c lau s?ch th??ng xuyên vì d? b? ? vàng và gây viêm nhi?m n?u không ???c ch?m sóc k?.  
  
V? ch? ?? ?n u?ng, Shih Tzu có th? tr?ng nh?, không c?n ?n quá nhi?u nh?ng c?n kh?u ph?n giàu protein (th?t gà, cá h?i, c?u) k?t h?p v?i rau c? qu?. Nên chia thành 2–3 b?a/ngày, h?n ch? th?c ?n d?u m? và ?? ?n c?a ng??i. Do d? béo phì, c?n ki?m soát l??ng th?c ?n và t?ng c??ng v?n ??ng h?p lý.  
  
Shih Tzu không ?òi h?i v?n ??ng m?nh, ch? c?n d?t ?i d?o 20–30 phút/ngày ho?c cho ch?i trong nhà là ??. Tuy nhiên, vì c?u t?o m?t ng?n (brachycephalic), chúng d? b? khó th? trong môi tr??ng nóng, nên tránh cho ra ngoài khi tr?i quá oi b?c. Ngoài ra, gi?ng chó này d? m?c b?nh r?ng mi?ng và m?t, do ?ó c?n v? sinh r?ng ??nh k? và ki?m tra m?t th??ng xuyên.  
  
Tính cách Shih Tzu r?t thân thi?n, hi?n lành và tình c?m, phù h?p v?i gia ?ình có tr? nh? ho?c ng??i l?n tu?i. Chúng ít s?a h?n Chihuahua hay Pekingese, khá d? hu?n luy?n và thích ? g?n ch?. N?u ???c ch?m sóc t?t, Shih Tzu s? là m?t ng??i b?n nh? trung thành, hi?n hòa và r?t g?n bó v?i gia ?ình."	15 – 30 tri?u VN?	6 – 12 tri?u VN?	1000 – 2500 USD (cá th? có gia ph? xu?t s?c có th? ??t 5000 USD)	2	1	4	2	small	0.414681952
5	Dog	blenheim_spaniel	9 n?m - 14 n?m 	5.9 – 8.2 kg	30 – 33 cm	45 – 53 cm	"Cavalier King Charles Spaniel, ??c bi?t v?i màu Blenheim, n?i b?t b?i v? ngoài sang tr?ng, ?ôi m?t to tròn và tính cách hi?n hòa. B? lông dài, m??t và h?i g?n sóng c?n ???c ch?i 2–3 l?n m?i tu?n ?? tránh r?i, ??ng th?i nên t?m ??nh k? ?? gi? lông s?ch và bóng. Lông quanh tai và chân có xu h??ng d? r?i và b?n, nên chú ý v? sinh k?.  
  
V? ch? ?? ?n u?ng, gi?ng chó này c?n kh?u ph?n giàu protein t? th?t gà, cá, th?t bò k?t h?p v?i rau c? ?? cân b?ng dinh d??ng. Do có xu h??ng d? béo phì, c?n ki?m soát l??ng th?c ?n, tránh cho ?n quá nhi?u ?? ?n v?t ho?c th?c ?n c?a ng??i. Nên chia kh?u ph?n thành 2–3 b?a/ngày và k?t h?p cùng vi?c v?n ??ng h?ng ngày.  
  
Gi?ng chó này khá n?ng ??ng nh?ng không ?òi h?i v?n ??ng m?nh nh? các gi?ng chó s?n khác. D?t ?i d?o kho?ng 30 phút/ngày ho?c ch?i ?ùa trong sân v??n là ?? ?? giúp chúng duy trì th? l?c và tinh th?n. Tuy nhiên, Cavalier King Charles Spaniel có th? g?p m?t s? v?n ?? s?c kh?e di truy?n, ??c bi?t là b?nh tim (h?p van hai lá), b?nh m?t và tr?t x??ng bánh chè. Vì v?y, vi?c ki?m tra thú y ??nh k? là r?t quan tr?ng.  
  
V? tính cách, Blenheim Spaniel hi?n lành, thân thi?n và c?c k? tình c?m. Chúng thích ? g?n ng??i, hòa ??ng v?i tr? nh? và v?t nuôi khác, phù h?p làm chó ??ng hành trong gia ?ình. Tuy nhiên, chúng không thích b? b? l?i m?t mình quá lâu vì d? lo âu chia ly. N?u ???c nuôi d??ng và quan tâm ?úng cách, Blenheim Spaniel s? là m?t chú chó nh? trung thành, thân thi?n và ??y yêu th??ng."	25 – 40 tri?u VN?	12 – 20 tri?u VN?	2000 – 4000 USD (cá th? có gia ph? n?i b?t có th? trên 5000 USD)	1	3	4	2	small	0.569635264
6	Dog	papillon	12 n?m - 16 n?m 	3 – 5 kg	20 – 28 cm	28 – 36 cm	"Papillon có ngo?i hình thanh thoát, ??c tr?ng v?i ?ôi tai d?ng to và xòe ra nh? cánh b??m. ?ây là gi?ng chó nh? nh?ng n?ng ??ng, thông minh và r?t thích v?n ??ng. Vì v?y, c?n cho Papillon tham gia các ho?t ??ng th??ng xuyên nh? ?i d?o, ch?i ?? ch?i t??ng tác ho?c tham gia hu?n luy?n agility. Chúng c?n ít nh?t 30 phút v?n ??ng m?i ngày ?? tránh bu?n chán và phá phách.  
  
B? lông Papillon m??t, dài v?a ph?i và không có l?p lông lót dày, nên vi?c ch?m sóc lông khá d? dàng. Ch? c?n ch?i 2–3 l?n/tu?n ?? gi? lông suôn m??t và h?n ch? r?i, không c?n t?m quá th??ng xuyên, kho?ng 3–4 tu?n/l?n là ??. Lông ? tai và ?uôi th??ng dài và ??p, nên ???c gi? s?ch ?? tránh b?n và h? t?n.  
  
V? ch? ?? ?n, Papillon c?n th?c ?n giàu ??m, ít béo, k?t h?p rau c? qu? ?? h? tr? tiêu hóa. Do kích th??c nh?, kh?u ph?n ?n không c?n quá nhi?u nh?ng ph?i ??m b?o ch?t l??ng. Nên chia thành 2–3 b?a nh?/ngày, tránh th?c ?n d?u m? ho?c nhi?u tinh b?t vì d? d?n t?i béo phì.  
  
Papillon có s?c kh?e khá t?t nh?ng c?ng có m?t s? nguy c? nh? tr?t x??ng bánh chè, v?n ?? v? r?ng mi?ng (hàm nh? d? tích t? cao r?ng) và b?nh tim b?m sinh. C?n v? sinh r?ng ??nh k?, h?n ch? ?? chúng nh?y t? ch? cao xu?ng và ??a ?i khám thú y th??ng xuyên. V? tính cách, Papillon r?t thông minh, d? hu?n luy?n và ham h?c h?i, thích h?p v?i ng??i m?i nuôi nh?ng c?ng c?n ch? n?ng ??ng. ?ây là m?t gi?ng chó nh? duyên dáng, thông minh và trung thành, luôn s?n sàng tr? thành b?n ??ng hành vui v? cho gia ?ình."	18 – 35 tri?u VN?	8 – 15 tri?u VN?	1500 – 3500 USD (cá th? có gia ph? ??p có th? lên t?i 5000 USD)	3	3	3	3	small	0.382817754
7	Dog	toy_terrier	12 n?m - 15 n?m 	2.7 – 3.6 kg	25 – 30 cm	35 – 42 cm	"Toy Terrier có kích th??c nh? bé, c? th? s?n ch?c và tính cách ho?t bát. Do vóc dáng nh?, chúng không c?n v?n ??ng quá nhi?u, nh?ng v?n r?t hi?u ??ng và thích ch?i ?ùa. M?i ngày, nên cho chúng ?i d?o ng?n 20–30 phút ho?c ch?i v?i ?? ch?i trong nhà ?? gi?i phóng n?ng l??ng. Gi?ng chó này thông minh và nhanh nh?n, vì v?y c?ng d? hu?n luy?n c? b?n n?u kiên nh?n và nh?t quán.  
  
B? lông c?a Toy Terrier th??ng ng?n, m??t nên r?t d? ch?m sóc, ch? c?n ch?i 1–2 l?n/tu?n và t?m kho?ng 3–4 tu?n/l?n. Do c? th? nh? và ít m?, chúng khá nh?y c?m v?i th?i ti?t l?nh, vì v?y c?n gi? ?m b?ng áo khi ra ngoài tr?i l?nh.  
  
V? ch? ?? ?n, Toy Terrier có d? dày nh?, nên c?n chia thành nhi?u b?a nh? (2–3 b?a/ngày) v?i kh?u ph?n giàu protein, ít béo. C?n tránh th?c ?n quá nhi?u d?u m? ho?c gia v?, c?ng nh? ?? ?n c?a ng??i. Ngoài ra, vì gi?ng chó này d? m?c b?nh r?ng mi?ng, c?n v? sinh r?ng th??ng xuyên ho?c cho nhai ?? g?m làm s?ch r?ng.  
  
V? s?c kh?e, Toy Terrier nhìn chung kh?e m?nh, nh?ng có th? g?p m?t s? v?n ?? nh? tr?t x??ng bánh chè, b?nh v? m?t, và h? ???ng huy?t (gi?ng nh? Chihuahua). ?ây là gi?ng chó tình c?m, g?n bó v?i ch?, nh?ng có th? h?i nh?y c?m và c?nh giác v?i ng??i l?, nên c?n xã h?i hóa t? nh?. N?u ???c nuôi d??ng t?t, Toy Terrier s? là m?t chú chó nh? trung thành, thông minh và c?c k? n?ng ??ng."	15 – 30 tri?u VN?	6 – 12 tri?u VN?	1000 – 2500 USD (nh?ng cá th? có gia ph? t?t có th? ??t 4000 USD)	5	1	1	4	small	0.418447025
8	Dog	rhodesian_ridgeback	10 n?m - 12 n?m 	32 – 37 kg	61 – 69 cm	85 – 95 cm	"Rhodesian Ridgeback là gi?ng chó s?n d?ng mãnh, kh?e m?nh và thông minh, v?n n?i ti?ng ? châu Phi v?i kh? n?ng ??i ??u c? s? t?. Vì v?y, chúng c?n m?t ch? ?? v?n ??ng c??ng ?? cao h?ng ngày. Ch? nuôi ph?i cho Ridgeback ch?y b?, kéo t? nh?, ho?c tham gia các trò ch?i v?n ??ng m?nh ít nh?t 1 – 2 gi? m?i ngày. N?u nuôi trong môi tr??ng ch?t h?p và ít v?n ??ng, chúng d? tr? nên b?n ch?n và phá phách.  
  
V? ch? ?? ?n u?ng, Ridgeback c?n kh?u ph?n giàu ??m và n?ng l??ng t? th?t bò, gà, cá, tr?ng, k?t h?p rau c? và ng? c?c ?? ??m b?o s?c b?n. Không nên cho ?n quá nhi?u tinh b?t ho?c th?c ?n nhi?u d?u m? vì d? gây béo phì. Gi?ng chó này khá kh?e m?nh, ít b?nh di truy?n, nh?ng có th? g?p các v?n ?? v? kh?p (lo?n s?n x??ng hông, khu?u) ho?c b?nh da, vì v?y c?n ki?m tra ??nh k?.  
  
Ridgeback là gi?ng chó trung thành, nh?ng c?ng ??c l?p và có ph?n b??ng b?nh. Vi?c hu?n luy?n c?n kiên nh?n, áp d?ng các ph??ng pháp d?t khoát nh?ng không b?o l?c. Chúng b?o v? gia ?ình r?t t?t, th??ng có tính c?nh giác cao, nh?ng c?n ???c xã h?i hóa t? nh? ?? không tr? nên quá hung d?. Ridgeback phù h?p v?i ng??i nuôi có kinh nghi?m và không ph?i là l?a ch?n lý t??ng cho ng??i m?i b?t ??u nuôi chó."	25 – 40 tri?u VN?	15 – 25 tri?u VN?	2500 – 5000 USD	5	3	3	5	large	1.521385846
9	Dog	afghan_hound	12 n?m - 14 n?m 	20 – 27 kg	61 – 74 cm	85 – 95 cm	"Afghan Hound là gi?ng chó quý t?c ??n t? Trung Á, n?i b?t v?i b? lông dài, m??t mà và dáng v? thanh thoát. Chúng c?n ???c ch?m sóc lông h?ng ngày b?ng vi?c ch?i chu?t ?? tránh r?i và r?ng lông quá nhi?u. Ngoài ra, c? kho?ng 1–2 tu?n b?n nên t?m cho chúng b?ng d?u g?i chuyên d?ng cho chó lông dài, sau ?ó s?y khô k? càng ?? gi? b? lông óng ?. ?ây là công vi?c t?n nhi?u th?i gian nên ng??i nuôi c?n kiên nh?n và có ?i?u ki?n ch?m sóc.  
  
V? ch? ?? ?n, Afghan Hound c?n ngu?n dinh d??ng cân ??i, ??c bi?t là protein t? th?t gà, bò, cá ?? duy trì c? b?p và n?ng l??ng, k?t h?p rau c? qu? ?? h? tr? tiêu hóa. Do có d? dày khá nh?y c?m, b?n nên chia kh?u ph?n ?n thành nhi?u b?a nh? trong ngày, h?n ch? cho ?n th?c ?n nhi?u d?u m? ho?c gia v?.  
  
Afghan Hound là gi?ng chó s?n nhanh nh?n, vì v?y chúng c?n nhi?u v?n ??ng. B?n nên cho chúng ch?y b?, ch?i kéo co ho?c tham gia các ho?t ??ng ngoài tr?i ít nh?t 1–2 gi? m?i ngày. N?u b? nh?t trong nhà quá lâu, chúng d? tr? nên bu?n chán ho?c stress.  
  
V? tính cách, Afghan Hound ??c l?p, ?ôi khi khá “kiêu k?” và khó hu?n luy?n so v?i các gi?ng chó khác. Tuy nhiên, chúng c?ng r?t trung thành và tình c?m v?i ch? nhân. Vi?c hu?n luy?n c?n kiên nh?n, nh? nhàng nh?ng kiên ??nh, và nên b?t ??u t? khi còn nh? ?? t?o thói quen t?t. V?i ngo?i hình sang tr?ng và tính cách ??c ?áo, Afghan Hound th??ng ???c xem nh? m?t gi?ng chó “ngh? s?” dành cho nh?ng ng??i nuôi yêu cái ??p và có nhi?u th?i gian ch?m sóc."	30 – 50 tri?u VN?	20 – 30 tri?u VN?	3000 – 6000 USD	3	1	4	1	large	1.319743408
10	Dog	basset	10 n?m - 12 n?m 	18 – 29 kg	28 – 38 cm	75 – 95 cm	"Basset Hound là gi?ng chó s?n mùi có thân dài, chân ng?n và ?ôi tai r? ??c tr?ng. Chúng v?n hi?n lành, thân thi?n và r?t g?n bó v?i gia ?ình. Vi?c ch?m sóc Basset không quá ph?c t?p nh?ng ?òi h?i s? kiên nh?n. V? v?n ??ng, Basset không c?n ch?y nh?y quá nhi?u, ch? c?n d?t ?i d?o ??u ??n và cho tham gia các trò ch?i ?ánh h?i là ?ã ?? ?? duy trì s?c kh?e và s? linh ho?t. Tuy nhiên, do thân dài – chân ng?n, b?n c?n h?n ch? cho chúng leo c?u thang ho?c nh?y t? trên cao xu?ng vì d? gây v?n ?? v? x??ng kh?p và c?t s?ng.  
  
Trong ch? ?? ?n u?ng, Basset Hound khá tham ?n, d? b? béo phì n?u không ki?m soát kh?u ph?n. Nên cho ?n kh?u ph?n v?a ??, giàu ??m t? th?t n?c, cá, tr?ng, k?t h?p rau c? ?? h? tr? tiêu hóa. H?n ch? các lo?i th?c ?n nhi?u tinh b?t, d?u m?, và nên chia nh? b?a thay vì cho ?n quá nhi?u m?t lúc ?? tránh ??y h?i.  
  
V? ch?m sóc s?c kh?e, Basset d? g?p các v?n ?? v? tai vì tai dài và r? sát ??t, r?t d? bám b?i và vi khu?n. Ch? nuôi c?n v? sinh tai h?ng tu?n và gi? tai luôn khô thoáng ?? tránh viêm nhi?m. Ngoài ra, b?n c?ng nên v? sinh m?t th??ng xuyên vì Basset d? b? ch?y n??c m?t và nhi?m trùng m?t.  
  
Tính cách c?a Basset Hound hi?n lành, ?i?m t?nh, yêu tr? con và th??ng hòa ??ng v?i các loài v?t khác. Tuy nhiên, chúng khá b??ng b?nh trong hu?n luy?n do b?n n?ng s?n mùi m?nh, hay b? “xao nhãng” b?i mùi h??ng xung quanh. Do ?ó, vi?c hu?n luy?n c?n kiên nh?n, dùng ph?n th??ng ?? t?o ??ng l?c. V?i dáng v? ng? ngh?nh, ?ôi m?t bu?n và tính cách thân thi?n, Basset Hound r?t phù h?p làm thú c?ng trong gia ?ình."	20 – 35 tri?u VN?	12 – 20 tri?u VN?	1500 – 3000 USD	4	4	3	2	medium	1.067865089
11	Dog	beagle	12 n?m - 15 n?m 	9 – 12 kg	33 – 40 cm	33 – 40 cm	"Beagle là gi?ng chó s?n mùi nh? g?n, n?ng ??ng và c?c k? tinh ngh?ch. Chúng có tính tò mò b?m sinh, luôn mu?n khám phá xung quanh và th??ng “c?m ??u” theo d?u v?t mùi h??ng. Vì v?y, vi?c d?t Beagle ?i d?o h?ng ngày là b?t bu?c, kèm theo các ho?t ??ng th? ch?t nh? ch?y nh?y, ch?i ném bóng, kéo co ?? gi?i phóng n?ng l??ng. N?u b? nh?t quá lâu, Beagle d? sinh bu?n chán, d?n ??n c?n phá ?? ??c.  
  
V? ch? ?? ?n, Beagle khá tham ?n và d? t?ng cân. B?n c?n ki?m soát kh?u ph?n ?n, ?u tiên th?c ph?m giàu protein t? th?t, cá, tr?ng, kèm theo rau c? và ng? c?c nguyên h?t ?? h? tr? tiêu hóa. Nên chia nh? kh?u ph?n 2–3 b?a/ngày thay vì cho ?n quá nhi?u m?t l?n. Tránh cho ?n th?c ?n nhi?u d?u m?, x??ng nh? ho?c ?? ng?t.  
  
Trong ch?m sóc s?c kh?e, Beagle là gi?ng chó kh?e m?nh, ít b?nh di truy?n, nh?ng có th? g?p các v?n ?? v? béo phì, viêm tai do tai dài và d? bám b?i, cùng v?i b?nh v? m?t (glaucoma, lo?n s?n võng m?c). B?n nên v? sinh tai ??nh k?, lau m?t th??ng xuyên và cho ?i ki?m tra thú y h?ng n?m.  
  
V? tính cách, Beagle thông minh, vui v? và hòa ??ng v?i tr? em c?ng nh? các v?t nuôi khác. Tuy nhiên, chúng có ph?n b??ng b?nh, khó hu?n luy?n do b?n n?ng s?n mùi m?nh khi?n chúng d? m?t t?p trung. ?? hu?n luy?n hi?u qu?, c?n áp d?ng ph??ng pháp tích c?c d?a trên ph?n th??ng (bánh th??ng, ?? ch?i). Beagle r?t thích có b?n ??ng hành, vì v?y n?u gia ?ình b?n có nhi?u ng??i ho?c có nuôi thêm thú c?ng khác, chúng s? s?ng h?nh phúc h?n."	15 – 25 tri?u VN?	8 – 15 tri?u VN?	1200 – 2500 USD	4	4	3	2	small	0.615139726
12	Dog	bloodhound	10 n?m - 12 n?m 	36 – 50 kg	58 – 69 cm	95 – 110 cm	"Bloodhound ???c m?nh danh là “vua s?n mùi” v?i kh? n?ng ?ánh h?i tuy?t v?i, th??ng ???c s? d?ng trong công tác truy tìm t?i ph?m ho?c c?u h?. Chúng là gi?ng chó to l?n, c? b?p kh?e m?nh, da chùng và có ?ôi tai dài r? ??c tr?ng. Vì kích th??c l?n và nhu c?u v?n ??ng cao, Bloodhound c?n ???c ?i d?o dài ho?c ch?y b? ít nh?t 1 – 2 gi? m?i ngày. N?u không v?n ??ng ??y ??, chúng d? b? stress và phá phách.  
  
V? dinh d??ng, Bloodhound c?n kh?u ph?n ?n nhi?u ??m và ch?t béo t?t t? th?t bò, gà, cá, tr?ng ?? duy trì c? b?p và n?ng l??ng. K?t h?p thêm rau c?, ng? c?c nguyên h?t ?? h? tr? h? tiêu hóa. Do gi?ng chó này d? b? ??y h?i (bloating), b?n nên chia nh? b?a ?n thay vì cho ?n quá nhi?u m?t lúc, ??ng th?i h?n ch? cho v?n ??ng m?nh ngay sau khi ?n.  
  
Ch?m sóc s?c kh?e cho Bloodhound c?n ??c bi?t chú ý ??n tai và m?t. ?ôi tai dài d? tích t? b?i b?n và ?m, d? d?n ??n viêm tai n?u không v? sinh th??ng xuyên. M?t c?a chúng c?ng d? b? ch?y n??c m?t, viêm nhi?m, c?n ???c lau r?a ??nh k?. Ngoài ra, Bloodhound có nguy c? m?c b?nh lo?n s?n x??ng hông và các v?n ?? v? kh?p do tr?ng l??ng l?n, vì v?y c?n cho v?n ??ng ?i?u ?? và không ?? chúng béo phì.  
  
V? tính cách, Bloodhound hi?n lành, thân thi?n, th??ng hòa ??ng v?i tr? em và các loài v?t khác. Tuy nhiên, chúng có tính ??c l?p cao, r?t b??ng b?nh và th??ng ch? t?p trung vào mùi h??ng khi ?ã ?ánh h?i th?y. ?i?u này khi?n vi?c hu?n luy?n Bloodhound khá khó kh?n, ?òi h?i s? kiên nh?n, nh?t quán và ph?i áp d?ng các ph??ng pháp tích c?c. N?u ???c nuôi d??ng ?úng cách, Bloodhound s? tr? thành ng??i b?n ??ng hành trung thành, v?a là thú c?ng gia ?ình, v?a có th? h? tr? trong công vi?c tìm ki?m."	25 – 40 tri?u VN?	15 – 25 tri?u VN?	1800 – 3500 USD	1	3	3	2	large	1.736269542
13	Dog	bluetick	11 n?m - 12 n?m	20 – 36 kg	51 – 69 cm	85 – 105 cm	"Bluetick Coonhound là gi?ng chó s?n mùi n?i ti?ng ? M?, ??c tr?ng v?i b? lông loang xanh ?en và s? d?o dai trong s?n b?n. Chúng tràn ??y n?ng l??ng, c?n v?n ??ng nhi?u h?n m?c trung bình so v?i các gi?ng chó c?nh khác. M?i ngày, b?n nên cho Bluetick ch?y b?, ?i d?o ???ng dài ho?c tham gia trò ch?i ?ánh h?i ít nh?t 1 – 2 gi?. N?u không ???c gi?i phóng n?ng l??ng, chúng có th? tr? nên b?n ch?n, hú ho?c c?n phá ?? ??c.  
  
Trong ch? ?? ?n, Bluetick c?n kh?u ph?n giàu protein ?? duy trì s?c m?nh c? b?p, k?t h?p rau c? và ng? c?c nguyên h?t ?? h? tr? tiêu hóa. Do là gi?ng chó s?n, chúng d? t?ng cân n?u ?n nhi?u nh?ng ít v?n ??ng, vì v?y b?n nên ki?m soát kh?u ph?n và h?n ch? th?c ?n nhi?u tinh b?t ho?c ch?t béo. Ngoài ra, nên chia b?a ?n thành 2 – 3 l?n trong ngày ?? gi?m nguy c? ??y h?i.  
  
V? ch?m sóc s?c kh?e, Bluetick nhìn chung khá kh?e m?nh nh?ng d? g?p m?t s? v?n ?? nh? viêm tai (do tai dài và r?), béo phì và b?nh v? x??ng kh?p n?u không v?n ??ng ??. B?n nên v? sinh tai h?ng tu?n, ki?m tra m?t th??ng xuyên và ??a ?i khám thú y ??nh k? ?? phòng b?nh di truy?n.  
  
V? tính cách, Bluetick Coonhound thông minh, can ??m, trung thành và có b?n n?ng s?n mùi c?c m?nh. Tuy nhiên, chúng c?ng b??ng b?nh và ??c l?p, d? b? “xao nhãng” b?i mùi h??ng xung quanh, nên vi?c hu?n luy?n c?n s? kiên nh?n và nh?t quán. ?ây là gi?ng chó thích hú, s?a khi phát hi?n mùi ho?c mu?n giao ti?p, nên không quá phù h?p v?i môi tr??ng c?n h? ch?t h?p. N?u b?n là ng??i yêu thích v?n ??ng ngoài tr?i, thích ?i dã ngo?i ho?c ch?y b?, Bluetick Coonhound s? là ng??i b?n ??ng hành tuy?t v?i."	18 – 30 tri?u VN?	10 – 18 tri?u VN?	1200 – 2500 USD	3	1	3	3	large	1.381643604
14	Dog	black_and_tan_coonhound	10 n?m - 12 n?m 	29 – 41 kg	58 – 69 cm	90 – 105 cm	"Black and Tan Coonhound là gi?ng chó s?n M? truy?n th?ng, n?i b?t v?i b? lông ?en tuy?n có m?ng nâu ?? ? chân và m?t. Chúng s? h?u kh?u giác c?c k? nh?y bén, có th? l?n theo d?u v?t nhi?u ngày, vì v?y nhu c?u v?n ??ng c?a chúng r?t cao. B?n nên cho chúng ?i d?o dài, ch?y b? ho?c tham gia các trò ch?i truy tìm mùi ít nh?t 1 – 2 gi?/ngày. N?u s?ng trong môi tr??ng ch?t h?p và ít v?n ??ng, chúng d? tr? nên bu?n chán, hú ho?c c?n phá ?? ??c.  
  
Ch? ?? ?n c?a Black and Tan Coonhound c?n giàu protein t? th?t n?c, cá, tr?ng, b? sung rau c? và ng? c?c nguyên h?t ?? cân b?ng dinh d??ng. Do có nguy c? béo phì n?u ?n nhi?u mà không v?n ??ng, b?n nên ki?m soát kh?u ph?n, chia thành 2 – 3 b?a/ngày và h?n ch? th?c ?n nhi?u d?u m?.  
  
V? s?c kh?e, ?ây là gi?ng chó kh?e m?nh nh?ng d? g?p m?t s? v?n ?? nh? viêm tai (tai dài d? ?m và bám b?i), lo?n s?n x??ng hông, b?nh v? m?t và béo phì. Vi?c v? sinh tai h?ng tu?n, ki?m tra m?t th??ng xuyên và cho ?i khám thú y ??nh k? là c?n thi?t ?? phòng ng?a.  
  
Tính cách c?a Black and Tan Coonhound khá hi?n lành, trung thành, thân thi?n v?i tr? em và th??ng hòa ??ng v?i v?t nuôi khác. Tuy nhiên, chúng có b?n n?ng s?n mùi m?nh, th??ng hú ho?c s?a khi ?ánh h?i th?y ?i?u gì ?ó, nên không quá phù h?p v?i môi tr??ng c?n h? yên t?nh. Trong hu?n luy?n, chúng h?i b??ng b?nh và ??c l?p, nên c?n ph??ng pháp kiên nh?n, dùng ph?n th??ng ?? khuy?n khích. N?u ???c ch?m sóc ?úng cách, ?ây là ng??i b?n ??ng hành lý t??ng cho nh?ng ai yêu thích dã ngo?i, ?i s?n hay v?n ??ng ngoài tr?i."	18 – 30 tri?u VN?	10 – 18 tri?u VN?	1200 – 2500 USD	1	1	3	2	large	1.55505182
15	Dog	walker_hound	12 n?m - 13 n?m 	20 – 32 kg	49 – 69 cm	85 – 105 cm	"Treeing Walker Coonhound, th??ng ???c g?i ng?n g?n là Walker Hound, là gi?ng chó s?n M? r?t n?i ti?ng v?i kh? n?ng truy d?u nhanh và dai s?c. Chúng th??ng ???c nuôi ?? s?n thú nh? nh? sóc, g?u mèo và th?m chí c? h??u. ??c ?i?m n?i b?t c?a Walker Hound là s? nhanh nh?n, s?c b?n và b?n n?ng s?n m?i m?nh m?. Vì th?, vi?c ch?m sóc chúng ?òi h?i m?t ch? ?? v?n ??ng dày ??c: m?i ngày c?n ít nh?t 1 – 2 gi? ch?y b?, ?i d?o dài ho?c tham gia các trò ch?i ?ánh h?i. N?u b? nh?t trong nhà quá lâu, chúng d? tr? nên b?n ch?n, hú, ho?c phá phách.  
  
Trong ch? ?? ?n, Walker Hound c?n nhi?u protein ?? duy trì c? b?p, k?t h?p ch?t béo t?t ?? cung c?p n?ng l??ng cho ho?t ??ng s?n m?i. Kh?u ph?n nên g?m th?t gà, bò, cá, tr?ng, k?t h?p rau c? và ng? c?c nguyên h?t ?? cân b?ng dinh d??ng. Do có nguy c? ??y h?i (bloating), b?n nên chia b?a thành 2 – 3 l?n/ngày thay vì cho ?n m?t b?a l?n.  
  
V? s?c kh?e, Walker Hound nhìn chung kh?e m?nh, ít b?nh di truy?n n?ng. Tuy v?y, chúng có th? g?p m?t s? v?n ?? th??ng th?y ? chó s?n mùi nh? viêm tai (tai dài d? b?n và ?m), b?nh v? kh?p do v?n ??ng nhi?u, và béo phì n?u không ki?m soát kh?u ph?n. B?n nên v? sinh tai h?ng tu?n, ki?m tra m?t ??nh k? và duy trì cân n?ng ?n ??nh ?? gi?m áp l?c lên kh?p.  
  
V? tính cách, Walker Hound thông minh, trung thành, thân thi?n v?i gia ?ình và th??ng hòa ??ng v?i tr? em. Tuy nhiên, chúng có tính ??c l?p cao và b?n n?ng s?n mùi r?t m?nh, ?ôi khi khi?n chúng “ph?t l?” l?nh g?i khi ?ang theo d?u v?t. Vi?c hu?n luy?n ?òi h?i kiên nh?n, dùng ph?n th??ng tích c?c và b?t ??u t? khi còn nh?. Do hay hú và s?a l?n khi ?ánh h?i th?y d?u v?t, Walker Hound không th?c s? phù h?p v?i môi tr??ng c?n h? ?ông ?úc. Ng??c l?i, chúng s? là b?n ??ng hành tuy?t v?i cho nh?ng ai yêu thích không gian r?ng rãi và các ho?t ??ng ngoài tr?i."	15 – 25 tri?u VN?	8 – 15 tri?u VN?	1000 – 2000 USD	3	1	3	2	large	1.335309704
16	Dog	english_foxhound	10 n?m - 13 n?m 	29 – 34 kg	58 – 64 cm	90 – 105 cm	"English Foxhound là gi?ng chó s?n truy?n th?ng c?a Anh, n?i ti?ng v?i s?c b?n phi th??ng, th??ng ???c dùng ?? s?n cáo theo b?y ?àn. Chúng có thân hình s?n ch?c, tính cách m?nh m? và ngu?n n?ng l??ng d?i dào, vì v?y ch?m sóc gi?ng chó này ?òi h?i môi tr??ng r?ng rãi và nhi?u ho?t ??ng th? ch?t. Ch? nuôi nên cho chúng ch?y b?, ?i d?o ???ng dài ho?c ch?i các trò ch?i v?n ??ng ít nh?t 2 gi?/ngày. N?u nuôi trong c?n h? ch?t h?p, English Foxhound d? b? stress, hú, ho?c có hành vi phá phách.  
  
Trong ch? ?? ?n, chúng c?n kh?u ph?n giàu protein t? th?t gà, bò, cá, kèm theo rau c? và ng? c?c nguyên h?t ?? duy trì s?c kh?e và s?c b?n. Do b?n tính s?n m?i, chúng tiêu hao nhi?u n?ng l??ng nên c?n cung c?p ??y ?? calo, nh?ng c?ng ph?i tránh ?? béo phì b?ng cách cân ??i l??ng ?n v?i v?n ??ng. T?t nh?t, nên chia kh?u ph?n thành 2 – 3 b?a/ngày ?? h? tiêu hóa ho?t ??ng ?n ??nh.  
  
V? s?c kh?e, English Foxhound nhìn chung kh?e m?nh, ít b?nh di truy?n nghiêm tr?ng. Tuy v?y, chúng có th? g?p m?t s? v?n ?? nh? lo?n s?n x??ng hông, ?au kh?p do v?n ??ng c??ng ?? cao, ho?c viêm tai vì tai r? xu?ng d? ?m. C?n v? sinh tai h?ng tu?n, ki?m tra m?t ??nh k? và gi? cân n?ng ?n ??nh ?? gi?m áp l?c lên kh?p.  
  
Tính cách c?a English Foxhound thân thi?n, hòa ??ng và th??ng s?ng t?t trong ?àn ho?c gia ?ình có nhi?u thú c?ng khác. Tuy nhiên, chúng ??c l?p và có b?n n?ng s?n mùi r?t m?nh, ?ôi khi khi?n vi?c hu?n luy?n g?p khó kh?n. ?? hu?n luy?n hi?u qu?, c?n kiên nh?n, áp d?ng ph??ng pháp tích c?c và cho chúng xã h?i hóa s?m. English Foxhound không phù h?p v?i ng??i m?i nuôi chó l?n ??u ho?c gia ?ình b?n r?n, mà thích h?p h?n v?i nh?ng ai có nhi?u th?i gian, yêu thích v?n ??ng và có không gian s?ng r?ng rãi."	20 – 35 tri?u VN?	12 – 20 tri?u VN?	1500 – 3000 USD	5	1	3	2	large	1.468980555
17	Dog	redbone	12 n?m - 14 n?m 	20 – 32 kg	53 – 69 cm	85 – 105 cm	"Redbone Coonhound là gi?ng chó s?n có ngu?n g?c t? M?, n?i b?t v?i b? lông ?? ??ng óng ? và vóc dáng cân ??i. Chúng r?t nhanh nh?n, d?o dai và có b?n n?ng s?n mùi m?nh m?, th??ng ???c dùng ?? s?n thú nh? nh? g?u mèo, sóc và th?m chí c? thú l?n. Vì v?y, Redbone c?n v?n ??ng th??ng xuyên, ít nh?t 1 – 2 gi?/ngày v?i các ho?t ??ng nh? ?i b? ???ng dài, ch?y b? ho?c tham gia trò ch?i ?ánh h?i. N?u b? giam trong nhà quá lâu, chúng d? bu?n chán và tr? nên phá phách.  
  
Trong ch? ?? ?n, Redbone c?n kh?u ph?n giàu protein ?? duy trì c? b?p kh?e m?nh và cung c?p n?ng l??ng. Th?t gà, bò, cá, tr?ng k?t h?p cùng rau c?, ng? c?c nguyên h?t s? giúp cân b?ng dinh d??ng. Do có nguy c? béo phì n?u ?n nhi?u mà không v?n ??ng ??, b?n nên ki?m soát kh?u ph?n ?n, chia làm 2 – 3 b?a nh? trong ngày, ??ng th?i tránh cho ?n quá nhi?u th?c ?n ch?a tinh b?t ho?c ch?t béo x?u.  
  
V? s?c kh?e, Redbone Coonhound nhìn chung kh?e m?nh nh?ng có th? g?p m?t s? v?n ?? v? x??ng kh?p nh? lo?n s?n hông ho?c kh?p, cùng v?i b?nh v? tai do tai dài d? b?n. Ch? nuôi c?n v? sinh tai h?ng tu?n, ki?m tra m?t ??nh k? và gi? cân n?ng ?n ??nh ?? gi?m áp l?c cho h? x??ng kh?p.  
  
Tính cách c?a Redbone Coonhound r?t thân thi?n, trung thành và hòa ??ng v?i tr? em c?ng nh? các v?t nuôi khác. Tuy nhiên, chúng ??c l?p và b??ng b?nh, nh?t là khi ?ánh h?i th?y mùi l?, nên hu?n luy?n c?n kiên nh?n và nh?t quán, k?t h?p ph?n th??ng ?? khuy?n khích. ?ây là gi?ng chó phù h?p v?i nh?ng ng??i yêu thích ho?t ??ng ngoài tr?i, thích ch?y b?, leo núi và có không gian s?ng r?ng rãi. V?i ngo?i hình ??p và tính cách d? g?n, Redbone v?a là b?n ??ng hành s?n m?i, v?a là thú c?ng tình c?m trong gia ?ình."	15 – 25 tri?u VN?	8 – 15 tri?u VN?	1200 – 2500 USD	3	1	3	2	large	1.348608208
18	Dog	borzoi	9 n?m - 14 n?m 	25 – 47 kg	68 – 85 cm	90 – 110 cm	"Borzoi là gi?ng chó s?n quý t?c n?i ti?ng c?a Nga, có ngo?i hình thanh thoát, dáng v? sang tr?ng và tính cách ?i?m t?nh. Chúng c?n m?t không gian r?ng rãi ?? v?n ??ng, vì b?n ch?t là chó s?n t?c ??. N?u nuôi ? thành ph?, b?n c?n cho Borzoi ?i d?o dài ho?c ch?y t? do ? khu v?c an toàn ít nh?t 1 – 2 gi? m?i ngày ?? gi?i t?a n?ng l??ng.  
  
B? lông dài, m??t và dày c?a Borzoi c?n ???c ch?i chu?t th??ng xuyên, ít nh?t 2 – 3 l?n/tu?n ?? tránh r?i và gi? v? ngoài óng ?. Ngoài ra, c?n t?m r?a ??nh k? b?ng s?a t?m chuyên d?ng cho chó lông dài. V? dinh d??ng, Borzoi c?n ch? ?? ?n giàu protein t? th?t n?c, cá, tr?ng và k?t h?p rau c? qu? ?? cân b?ng. Không nên cho ?n quá nhi?u tinh b?t vì d? gây béo phì.  
  
Gi?ng chó này khá nh?y c?m và tình c?m, th??ng g?n bó sâu s?c v?i ch? nh?ng l?i ??c l?p v?i ng??i l?. B?n nên dành th?i gian hu?n luy?n và xã h?i hóa t? s?m ?? tránh tính cách quá nhút nhát ho?c th? ?. Ngoài ra, Borzoi c?ng d? m?c m?t s? b?nh di truy?n nh? lo?n s?n x??ng hông, b?nh tim ho?c các v?n ?? v? tiêu hóa, vì v?y c?n ??a ?i khám thú y ??nh k?."	30 – 60 tri?u VN?	15 – 25 tri?u VN?	2000 – 5000 USD	1	3	4	3	large	1.672573983
19	Dog	irish_wolfhound	6 n?m - 10 n?m 	40 – 69 kg	71 – 90 cm	105 – 125 cm	"Irish Wolfhound là gi?ng chó s?n c? x?a nh?t c?a Ireland, ???c m?nh danh là ""ng??i kh?ng l? hi?n lành"". Dù kích th??c r?t l?n, tính cách c?a chúng l?i ?i?m ??m, thân thi?n và g?n bó v?i con ng??i. Chúng r?t h?p v?i môi tr??ng gia ?ình, ??c bi?t là nh?ng n?i có sân v??n r?ng rãi. Vì b?n n?ng s?n m?i v?n còn, b?n nên hu?n luy?n t? nh? và cho v?n ??ng ngoài tr?i th??ng xuyên ?? duy trì s?c kh?e và ki?m soát hành vi.  
  
V? dinh d??ng, Irish Wolfhound c?n ch? ?? ?n nhi?u protein và canxi ?? h? tr? x??ng kh?p và c? b?p, ??c bi?t trong giai ?o?n phát tri?n nhanh t? 6 – 18 tháng tu?i. Nên chia thành nhi?u b?a nh? trong ngày thay vì cho ?n quá nhi?u m?t lúc, vì gi?ng chó này d? b? xo?n d? dày – m?t c?n b?nh nguy hi?m ? chó l?n.  
  
B? lông c?a Irish Wolfhound thu?c lo?i lông c?ng, thô, dài v?a ph?i nên vi?c ch?m sóc không quá ph?c t?p. B?n ch? c?n ch?i 1 – 2 l?n/tu?n ?? lo?i b? lông r?ng và b?i b?n. Tuy nhiên, c?n chú ý ??n s?c kh?e vì gi?ng chó này d? m?c b?nh tim, lo?n s?n x??ng hông và ung th? x??ng. Khám thú y ??nh k? và theo dõi cân n?ng là ?i?u r?t quan tr?ng ?? kéo dài tu?i th? c?a chúng."	50 – 80 tri?u VN?	20 – 35 tri?u VN?	2500 – 5500 USD (cá th? ??t chu?n có th? lên t?i 7500 USD)	1	3	3	5	large	2.133691372
20	Dog	italian_greyhound	12 n?m - 15 n?m 	3 – 5 kg	32 – 38 cm	45 – 55 cm	"Italian Greyhound là phiên b?n thu nh? c?a Greyhound, v?i vóc dáng m?nh kh?nh, nhanh nh?n và c?c k? thanh l?ch. Gi?ng chó này n?i ti?ng tình c?m, luôn qu?n quýt bên ch?, thích ng?i trong lòng và r?t d? g?n bó. Tuy nhiên, chúng khá nh?y c?m v?i l?nh và d? run r?y, vì v?y c?n gi? ?m vào mùa ?ông b?ng qu?n áo ho?c ch?n m?m.  
  
V? v?n ??ng, Italian Greyhound tuy nh? nh?ng v?n gi? b?n n?ng s?n m?i t?c ??, thích ch?y và r??t ?u?i. B?n nên cho chúng ?i d?o hàng ngày và có không gian an toàn ?? ch?y nh?y t? do. Dù v?y, do x??ng m?nh mai, chúng d? b? gãy x??ng n?u nh?y t? ?? cao ho?c ch?i ?ùa quá m?nh, nên c?n giám sát c?n th?n.  
  
Lông c?a Italian Greyhound r?t ng?n, m??t và d? ch?m sóc, ch? c?n lau chùi ho?c t?m ??nh k?. Dinh d??ng nên cân b?ng, giàu protein t? th?t n?c, cá, tr?ng k?t h?p rau c?, nh?ng l?u ý không cho ?n quá nhi?u tinh b?t vì d? gây béo phì. Ngoài ra, gi?ng chó này d? g?p v?n ?? v? r?ng mi?ng, nên t?p thói quen ch?i r?ng th??ng xuyên và ki?m tra ??nh k?.  
  
Italian Greyhound c?ng khá nh?y c?m v? tâm lý, d? b? lo âu n?u ? m?t mình quá lâu. ?ây là gi?ng chó phù h?p v?i ng??i nuôi có nhi?u th?i gian bên c?nh, thích nuôi chó nh? m?t ""ng??i b?n ??ng hành"" h?n là ch? làm thú c?nh."	30 – 50 tri?u VN?	15 – 25 tri?u VN?	2000 – 4000 USD	4	4	1	3	small	0.536884381
21	Dog	whippet	12 n?m - 15 n?m 	9 – 19 kg	44 – 56 cm	65 – 80 cm	"Whippet là gi?ng chó s?n t?c ?? có thân hình thon g?n, dáng v? thanh l?ch và tính cách hi?n hòa. Chúng r?t g?n bó v?i ch?, thích ???c n?m cu?n tròn trong ch?n ?m ho?c ng?i c?nh ng??i thân, nh?ng c?ng c?c k? nhanh nh?n khi ???c th? ra ch?y. Vì b?n n?ng s?n m?i v?n m?nh, Whippet thích ?u?i theo các v?t th? chuy?n ??ng nhanh, vì v?y b?n nên d?t chúng b?ng dây khi ?i d?o ? n?i công c?ng và ch? cho ch?y t? do ? khu v?c an toàn, có rào ch?n.  
  
Whippet có b? lông ng?n, m?n nh? nhung và r?t d? ch?m sóc. Chúng ít r?ng lông và h?u nh? không có mùi, ch? c?n lau chùi ho?c t?m r?a khi c?n thi?t. Tuy nhiên, do lông ng?n và da m?ng, chúng d? b? l?nh, nên vào mùa ?ông c?n m?c áo gi? ?m.  
  
V? dinh d??ng, Whippet c?n ch? ?? ?n giàu protein ?? duy trì c? b?p, k?t h?p v?i rau c? qu? ?? b? sung vitamin và ch?t x?. Do khá nh?y c?m v? tiêu hóa, b?n nên cho ?n th?c ?n ch?t l??ng, h?n ch? ?? ?n nhi?u d?u m? hay gia v?.  
  
Whippet là gi?ng chó ít s?a, s?ng tình c?m, hi?n lành, phù h?p v?i c? gia ?ình có tr? nh? ho?c ng??i l?n tu?i. Chúng ít khi hung d?, thích ???c vu?t ve và s?ng g?n g?i bên con ng??i. Tuy nhiên, gi?ng chó này không thích b? b? l?i m?t mình quá lâu, d? bu?n bã ho?c lo âu n?u thi?u s? quan tâm."	40 – 60 tri?u VN?	18 – 30 tri?u VN?	2000 – 4500 USD	3	3	1	5	medium	0.936202474
22	Dog	ibizan_hound	11 n?m - 14 n?m 	20 – 29 kg	56 – 74 cm	80 – 95 cm	"Ibizan Hound là gi?ng chó s?n c? x?a có ngu?n g?c t? qu?n ??o Balearic (Tây Ban Nha), n?i b?t v?i ?ôi tai d?ng l?n và dáng ng??i m?nh mai thanh thoát. Chúng thông minh, nhanh nh?n và có b?n n?ng s?n m?i m?nh, ??c bi?t thích r??t ?u?i. Vì v?y, b?n c?n cho chúng nhi?u th?i gian v?n ??ng ngoài tr?i, bao g?m ?i b? dài, ch?y ho?c ch?i các trò r??t b?t trong không gian r?ng có rào ch?n.  
  
Gi?ng chó này r?t tình c?m, g?n bó v?i gia ?ình và hi?n lành v?i tr? nh?, nh?ng ?ôi khi có th? h?i dè d?t v?i ng??i l?. Vi?c xã h?i hóa s?m là c?n thi?t ?? giúp chúng t? tin và thân thi?n h?n.  
  
B? lông c?a Ibizan Hound có hai lo?i: lông ng?n m??t và lông thô (wire-haired). Dù lo?i nào thì vi?c ch?m sóc c?ng khá ??n gi?n, ch? c?n ch?i vài l?n/tu?n và t?m khi c?n. Lông ng?n ít r?ng, còn lông thô thì gi? b?i b?n t?t nên c?n ch?i k? h?n. Do c? th? m?nh mai và da m?ng, chúng nh?y c?m v?i l?nh, vì th? c?n gi? ?m khi tr?i l?nh.  
  
V? dinh d??ng, Ibizan Hound c?n ch? ?? ?n giàu protein t? th?t n?c, cá, tr?ng k?t h?p rau c? ?? b? sung vitamin. B?n nên chia nh? b?a ?n thay vì cho ?n nhi?u m?t l?n, nh?m gi?m nguy c? xo?n d? dày – m?t v?n ?? th??ng g?p ? các gi?ng chó s?n b?ng sâu.  
  
Ngoài ra, Ibizan Hound là gi?ng chó khá kh?e m?nh, ít b?nh di truy?n, nh?ng v?n c?n theo dõi các b?nh liên quan ??n x??ng kh?p và m?t. Khám thú y ??nh k? và duy trì cân n?ng h?p lý là cách ?? chúng s?ng kh?e m?nh và lâu dài."	40 – 70 tri?u VN?	18 – 30 tri?u VN?	2000 – 5000 USD	3	3	1	2	large	1.311723039
23	Dog	norwegian_elkhound	12 n?m - 15 n?m 	20 – 25 kg	48 – 52 cm	65 – 75 cm	"Norwegian Elkhound là gi?ng chó s?n lâu ??i c?a B?c Âu, ???c s? d?ng ?? s?n nai s?ng t?m, g?u và các loài thú l?n khác. Chúng n?i b?t v?i thân hình ch?c kh?e, b? lông kép dày ch?ng ch?u th?i ti?t giá l?nh, và tính cách d?ng c?m nh?ng c?ng r?t tình c?m v?i gia ?ình.  
  
?? nuôi gi?ng chó này kh?e m?nh, b?n c?n cung c?p cho chúng môi tr??ng r?ng rãi, thoáng mát và nhi?u ho?t ??ng ngoài tr?i. Chúng thích ch?y, ?i b? ???ng dài và tham gia các ho?t ??ng th? ch?t, nên không phù h?p v?i l?i s?ng trong c?n h? ch?t h?p ít v?n ??ng. N?u b? giam hãm quá lâu, Elkhound d? tr? nên bu?n chán và phá phách.  
  
B? lông kép c?a chúng c?n ???c ch?i 2 – 3 l?n/tu?n, ??c bi?t trong mùa r?ng lông (xuân và thu) thì c?n ch?i g?n nh? m?i ngày ?? lo?i b? lông ch?t và gi? cho da kh?e m?nh. Vì kh? n?ng t? làm s?ch t?t, chúng không c?n t?m quá th??ng xuyên, ch? nên t?m khi th?c s? c?n.  
  
V? dinh d??ng, Norwegian Elkhound c?n ch? ?? ?n giàu protein và ch?t béo lành m?nh ?? duy trì n?ng l??ng cao. B?n có th? cho ?n k?t h?p th?t n?c, cá, rau c? và th?c ?n h?t ch?t l??ng. L?u ý ki?m soát kh?u ph?n ?n vì chúng có xu h??ng d? t?ng cân n?u v?n ??ng không ??.  
  
Gi?ng chó này khá ??c l?p và b??ng b?nh, nên vi?c hu?n luy?n c?n kiên nh?n và s? d?ng ph??ng pháp tích c?c. Xã h?i hóa s?m giúp chúng thân thi?n h?n v?i ng??i l? và các v?t nuôi khác. Ngoài ra, Norwegian Elkhound có th? g?p m?t s? b?nh di truy?n nh? lo?n s?n x??ng hông, b?nh m?t và các v?n ?? v? tuy?n giáp, vì v?y c?n ki?m tra s?c kh?e ??nh k?."	35 – 55 tri?u VN?	15 – 25 tri?u VN?	1500 – 3500 USD	4	1	3	2	medium	1.093622668
24	Dog	otterhound	10 n?m - 13 n?m 	36 – 52 kg	61 – 69 cm	95 – 110 cm	"Otterhound là gi?ng chó s?n hi?m có ngu?n g?c t? Anh, n?i ti?ng v?i kh? n?ng b?i l?i siêu h?ng và kh?u giác nh?y bén. Chúng v?n ???c lai t?o ?? s?n rái cá trong môi tr??ng sông n??c, vì v?y r?t yêu thích b?i và các ho?t ??ng d??i n??c. N?u b?n có h?, ao, ho?c th??ng ??a chúng ??n sông, bi?n thì ?ó chính là môi tr??ng lý t??ng cho chúng phát huy b?n n?ng t? nhiên.  
  
V? tính cách, Otterhound thân thi?n, hi?n lành, d? hòa ??ng v?i tr? nh? và các v?t nuôi khác. Tuy nhiên, vì là gi?ng chó s?n, chúng khá ??c l?p và ?ôi khi b??ng b?nh, nên hu?n luy?n c?n s? kiên nh?n, nh?t quán và nhi?u khen th??ng tích c?c. Chúng không thích b? b? m?t mình quá lâu vì d? sinh chán n?n và phá phách.  
  
B? lông c?a Otterhound là lo?i lông kép, dài và xo?n g?n sóng, có kh? n?ng ch?ng n??c t? nhiên. Tuy nhiên, lông khá d? b?t và r?i nên c?n ???c ch?i 2 – 3 l?n/tu?n, k?t h?p t?m r?a sau nh?ng l?n b?i ho?c khi b?n. Vì có tai to và r?, chúng d? b? nhi?m trùng tai n?u không ???c v? sinh th??ng xuyên, ??c bi?t sau khi ti?p xúc v?i n??c.  
  
V? dinh d??ng, gi?ng chó này c?n kh?u ph?n ?n giàu protein và ch?t béo lành m?nh ?? duy trì n?ng l??ng cao, nh?t là khi ???c v?n ??ng nhi?u. Nên b? sung thêm rau c? và ch?t x? ?? h? tr? tiêu hóa. Do d? b? béo phì n?u l??i v?n ??ng, b?n c?n ki?m soát kh?u ph?n ?n h?p lý.  
  
Ngoài ra, Otterhound có th? m?c m?t s? b?nh di truy?n nh? lo?n s?n x??ng hông, b?nh tuy?n giáp và m?t s? v?n ?? v? máu, nên vi?c ki?m tra s?c kh?e ??nh k? và duy trì cân n?ng h?p lý là r?t quan tr?ng."	45 – 70 tri?u VN?	20 – 35 tri?u VN?	2000 – 5000 USD	4	3	3	2	large	1.766085744
25	Dog	saluki	12 n?m - 14 n?m 	16 – 30 kg	58 – 71 cm	80 – 95 cm	"Saluki là m?t trong nh?ng gi?ng chó s?n c? x?a nh?t th? gi?i, t?ng ???c nuôi d??ng b?i các hoàng gia Ba T? và Ai C?p c? ??i. Chúng có thân hình m?nh kh?nh, thanh thoát, t?c ?? cao và v? ngoài vô cùng quý t?c. Tính cách Saluki khá ?i?m ??m, ??c l?p nh?ng c?ng g?n bó và trung thành v?i ch? nhân mà chúng tin t??ng.  
  
Vì là gi?ng chó s?n t?c ??, Saluki c?n ???c v?n ??ng th??ng xuyên ?? gi?i phóng n?ng l??ng. ?i d?o dài, cho ch?y trong khu v?c có rào ch?n ho?c tham gia các trò ch?i r??t ?u?i s? giúp chúng kh?e m?nh c? th? ch?t l?n tinh th?n. Tuy nhiên, b?n nên luôn c?nh giác khi th? t? do ? n?i r?ng m? vì b?n n?ng s?n m?i m?nh m? khi?n chúng d? ?u?i theo ??ng v?t nh?.  
  
B? lông c?a Saluki có hai d?ng: lông ng?n m??t và lông dài m??t có tua (??c bi?t ? tai, ?uôi và chân). Dù lo?i nào, vi?c ch?m sóc c?ng khá ??n gi?n, ch? c?n ch?i vài l?n/tu?n ?? gi? lông óng m??t và lo?i b? b?i b?n. Saluki ít r?ng lông và h?u nh? không có mùi hôi, vì v?y t?m r?a ??nh k? là ??.  
  
V? dinh d??ng, Saluki c?n ch? ?? ?n giàu protein ch?t l??ng t? th?t n?c, cá, tr?ng, k?t h?p rau c? và m?t l??ng tinh b?t v?a ph?i. Do c? th? m?nh mai và d? b? r?i lo?n tiêu hóa, b?n nên cho ?n thành nhi?u b?a nh? thay vì d?n vào m?t b?a l?n ?? gi?m nguy c? xo?n d? dày.  
  
Saluki th??ng kh?e m?nh, ít b?nh di truy?n nghiêm tr?ng, nh?ng có th? g?p các v?n ?? v? tim và x??ng kh?p khi già ?i. Ngoài ra, chúng khá nh?y c?m v?i l?nh do ít m? và lông m?ng, nên c?n ???c gi? ?m khi tr?i rét. ?ây là gi?ng chó phù h?p v?i nh?ng ng??i nuôi có th?i gian, không gian và mong mu?n m?t ng??i b?n ??ng hành tao nhã, yên t?nh nh?ng c?ng m?nh m?.  
  
?? B?n có mu?n mình gom nhóm các gi?ng chó s?n t?c ?? vùng Trung ?ông & Á – Âu (Saluki, Borzoi, Afghan Hound, Greyhound, Whippet…) thành m?t b?ng so sánh ?? b?n th?y rõ s? khác bi?t v? giá, tu?i th? và ??c ?i?m ch?m sóc không?"	40 – 70 tri?u VN?	18 – 30 tri?u VN?	2500 – 5000 USD	3	3	4	4	large	1.278634926
26	Dog	scottish_deerhound	8 n?m - 11 n?m 	36 – 50 kg	71 – 81 cm	95 – 115 cm	"Scottish Deerhound là gi?ng chó s?n c? ?i?n c?a Scotland, n?i ti?ng v?i dáng vóc cao l?n, uy nghi và t?c ?? ?n t??ng. Dù có v? ngoài m?nh m?, tính cách c?a chúng l?i hi?n lành, ?i?m ??m, trung thành và ??c bi?t g?n bó v?i gia ?ình. Deerhound r?t thân thi?n, ít khi hung d? và phù h?p làm thú c?ng trong nhà, mi?n là b?n ?áp ?ng ???c nhu c?u v?n ??ng c?a chúng.  
  
Do xu?t thân là chó s?n h??u, Scottish Deerhound c?n v?n ??ng th??ng xuyên v?i các bu?i ?i d?o dài và có không gian r?ng ?? ch?y nh?y. Tuy nhiên, không nên cho ch?y quá s?c khi còn nh?, vì giai ?o?n phát tri?n x??ng kh?p c?n tránh áp l?c quá l?n. Khi tr??ng thành, chúng thích h?p v?i các ho?t ??ng ngoài tr?i nh? ch?y t? do trong sân v??n có rào ch?n ho?c tham gia các môn th? thao cho chó s?n.  
  
B? lông c?a Deerhound thu?c lo?i lông thô, c?ng và h?i xo?n, có tác d?ng b?o v? c? th? trong khí h?u l?nh và kh?c nghi?t. Vi?c ch?m sóc lông không quá ph?c t?p, ch? c?n ch?i 1 – 2 l?n/tu?n ?? lo?i b? lông r?ng và b?i b?n. B?n c?ng nên t?m ??nh k? và ki?m tra tai, móng th??ng xuyên ?? gi? v? sinh.  
  
Dinh d??ng c?a Deerhound c?n chú tr?ng protein ch?t l??ng t? th?t n?c, cá, tr?ng, cùng rau c? ?? b? sung vitamin và khoáng ch?t. Vì d? b? xo?n d? dày, b?n nên chia nh? b?a ?n thay vì cho ?n nhi?u cùng lúc. Ngoài ra, gi?ng chó này d? g?p v?n ?? v? tim, ung th? x??ng và lo?n s?n x??ng hông, do ?ó vi?c ki?m tra s?c kh?e ??nh k? là r?t quan tr?ng.  
  
Scottish Deerhound không ch? là m?t gi?ng chó s?n t?c ?? mà còn là m?t ""ng??i b?n hi?n kh?ng l?"", phù h?p v?i nh?ng gia ?ình yêu thích chó s?n quý t?c, có không gian r?ng và s?n sàng dành th?i gian v?n ??ng, ch?m sóc."	45 – 70 tri?u VN?	20 – 35 tri?u VN?	2500 – 6000 USD	4	4	3	5	large	1.830624755
27	Dog	weimaraner	10 n?m - 13 n?m 	25 – 40 kg	57 – 70 cm	85 – 100 cm	"Weimaraner là gi?ng chó s?n có ngu?n g?c t? ??c, n?i ti?ng v?i dáng v? th? thao, b? lông xám b?c m??t mà và s? nhanh nh?n ?áng kinh ng?c. Chúng ???c m?nh danh là “The Gray Ghost” vì kh? n?ng di chuy?n linh ho?t và trung thành tuy?t ??i v?i ch? nhân. Tính cách c?a Weimaraner th??ng r?t g?n bó, thông minh, giàu n?ng l??ng và th??ng ???c g?i là “Velcro dog” vì luôn thích theo sát ch?. Tuy nhiên, n?u b? b? m?c quá lâu, chúng d? r?i vào tr?ng thái lo âu chia ly và có th? phá phách ?? gi?i t?a n?ng l??ng.  
  
Gi?ng chó này ?òi h?i l??ng v?n ??ng l?n và ??u ??n hàng ngày. Các ho?t ??ng nh? ch?y b?, b?i l?i, ?i d?o dài ho?c tham gia các trò ch?i ném – nh?t là c?n thi?t ?? duy trì th? l?c và tinh th?n. Weimaraner không phù h?p s?ng trong không gian ch?t h?p nh? c?n h? nh?, tr? khi ???c ??a ra ngoài t?p luy?n th??ng xuyên và có ng??i ??ng hành.  
  
B? lông c?a Weimaraner ng?n, m??t và ít r?ng nên vi?c ch?m sóc khá ??n gi?n. B?n ch? c?n ch?i lông 1 – 2 l?n m?i tu?n ?? lo?i b? lông r?ng và b?i b?n, k?t h?p v?i vi?c t?m ??nh k?, v? sinh tai và c?t móng ?? gi? v? sinh t?ng th?.  
  
Ch? ?? dinh d??ng c?a Weimaraner c?n chú tr?ng ??n protein ch?t l??ng cao t? th?t n?c, cá và tr?ng, k?t h?p cùng rau c? ?? b? sung vitamin và khoáng ch?t. Vì gi?ng chó này có nguy c? m?c ch?ng xo?n d? dày, b?n nên chia nh? b?a ?n thành nhi?u l?n trong ngày thay vì cho ?n quá nhi?u cùng lúc.  
  
V? s?c kh?e, ngoài các b?nh v? x??ng kh?p và ???ng tiêu hóa, Weimaraner còn d? g?p các v?n ?? v? tim và th?n kinh. Do ?ó, vi?c ki?m tra s?c kh?e ??nh k?, tiêm phòng và t?y giun ?úng l?ch là ?i?u r?t quan tr?ng ?? ??m b?o chúng duy trì ???c th? tr?ng t?t và tu?i th? t?i ?a.  
  
Weimaraner là l?a ch?n lý t??ng cho nh?ng ng??i n?ng ??ng, yêu thích các ho?t ??ng ngoài tr?i và s?n sàng dành th?i gian t?p luy?n cùng thú c?ng. N?u ???c ch?m sóc ?úng cách, chúng s? tr? thành m?t ng??i b?n ??ng hành trung thành, m?nh m? và thông minh trong gia ?ình."	40 – 65 tri?u VN?	18 – 30 tri?u VN?	2000 – 5000 USD	4	1	1	3	large	1.482966883
28	Dog	staffordshire_bullterrier	12 n?m - 14 n?m 	11 – 17 kg	36 – 41 cm	45 – 55 cm	"Staffordshire Bull Terrier, th??ng g?i t?t là Staffy, là gi?ng chó có ngu?n g?c t? Anh, n?i ti?ng v?i s? m?nh m?, d?ng c?m nh?ng l?i c?c k? tình c?m và g?n bó v?i gia ?ình. Dù ngo?i hình c? b?p khi?n nhi?u ng??i ngh? r?ng chúng hung d?, nh?ng th?c t? Staffy r?t hi?n lành, trung thành và ??c bi?t thân thi?n v?i tr? em, ??n m?c chúng còn ???c m?nh danh là “chó trông tr?” (nanny dog).  
  
?? nuôi d??ng m?t Staffordshire Bull Terrier kh?e m?nh, b?n c?n chú tr?ng ??n vi?c v?n ??ng th??ng xuyên. ?ây là gi?ng chó n?ng l??ng cao, thích ch?y nh?y, ch?i kéo co ho?c tham gia các trò ch?i v?n ??ng m?nh. Các bu?i d?o ch?i dài k?t h?p hu?n luy?n c? b?n s? giúp chúng gi?i phóng n?ng l??ng và gi? tinh th?n tho?i mái. N?u không ???c t?p luy?n ??y ??, Staffy có th? tr? nên bu?n chán và phá phách.  
  
B? lông c?a Staffy ng?n, bóng và r?t d? ch?m sóc. B?n ch? c?n ch?i lông m?t l?n m?i tu?n ?? lo?i b? b?i b?n và lông r?ng. Vi?c t?m ??nh k?, v? sinh tai, r?ng và c?t móng th??ng xuyên s? giúp duy trì s?c kh?e t?ng th?. Do d? b? d? ?ng da, b?n nên ch?n s?a t?m d?u nh? và theo dõi ch? ?? ?n ?? tránh các tác nhân gây kích ?ng.  
  
Ch? ?? dinh d??ng c?n cân b?ng gi?a protein ch?t l??ng cao t? th?t n?c, cá và tr?ng, k?t h?p v?i rau c? ?? b? sung ch?t x? và vitamin. Staffordshire Bull Terrier có xu h??ng d? t?ng cân n?u ?n quá nhi?u, vì v?y b?n c?n ki?m soát kh?u ph?n ?n và h?n ch? ?? ?n v?t không lành m?nh.  
  
V? s?c kh?e, ngoài lo?n s?n x??ng hông, Staffy còn d? m?c các b?nh v? m?t (nh? ??c th?y tinh th?) và m?t s? v?n ?? di truy?n khác. Do ?ó, vi?c ki?m tra s?c kh?e ??nh k? và tuân th? l?ch tiêm phòng là ?i?u c?n thi?t.  
  
Staffordshire Bull Terrier là l?a ch?n tuy?t v?i cho nh?ng gia ?ình n?ng ??ng, yêu thích v?n ??ng ngoài tr?i và mong mu?n có m?t chú chó v?a m?nh m? v?a tình c?m. V?i s? ch?m sóc ?úng cách, Staffy s? tr? thành m?t ng??i b?n ??ng hành trung thành, thông minh và tràn ??y n?ng l??ng."	35 – 60 tri?u VN?	15 – 25 tri?u VN?	2000 – 4500 USD	4	4	1	5	small	0.758580007
29	Dog	american_staffordshire_terrier	12 n?m – 16 n?m	18 – 32 kg	43 – 48 cm	55 – 65 cm	"American Staffordshire Terrier, th??ng g?i t?t là AmStaff, là gi?ng chó có ngu?n g?c t? Hoa K?, ???c phát tri?n t? Staffordshire Bull Terrier c?a Anh. Khác v?i ?n t??ng b? ngoài m?nh m? và c? b?p, AmStaff l?i có tính cách ?i?m ??m, trung thành và r?t g?n bó v?i ch? nhân. Chúng là nh?ng chú chó thông minh, c?nh giác và giàu tình c?m, th??ng t? ra d?u dàng v?i tr? nh? và t?n t?y v?i gia ?ình.  
  
AmStaff là gi?ng chó c?n v?n ??ng th??ng xuyên và có kh? n?ng ch?u ??ng t?t các ho?t ??ng m?nh. Vi?c cho chúng tham gia ch?y b?, ch?i kéo co, d?o dài ho?c hu?n luy?n agility s? giúp duy trì th? ch?t và gi?i phóng n?ng l??ng. N?u b? b? m?c lâu ngày ho?c không ???c t?p luy?n ??y ??, AmStaff d? sinh ra s? bu?n chán và có th? phá phách trong nhà. Vì v?y, gi?ng chó này phù h?p nh?t v?i nh?ng ng??i ch? n?ng ??ng, có th?i gian ??ng hành cùng chúng.  
  
B? lông c?a AmStaff ng?n, m??t và d? ch?m sóc. B?n ch? c?n ch?i 1 – 2 l?n m?i tu?n ?? gi? lông bóng kh?e và gi?m lông r?ng. Bên c?nh ?ó, vi?c v? sinh tai, c?t móng và ?ánh r?ng ??nh k? c?ng r?t quan tr?ng ?? gi? gìn v? sinh t?ng th?. Gi?ng chó này khá nh?y c?m v?i th?i ti?t l?nh, vì v?y khi tr?i rét c?n gi? ?m b?ng áo khoác ho?c h?n ch? ?? ngoài tr?i quá lâu.  
  
Ch? ?? dinh d??ng cho AmStaff c?n giàu protein t? th?t n?c, cá và tr?ng, k?t h?p cùng rau c? qu? ?? b? sung vitamin và ch?t x?. Do có th? d? b? t?ng cân, kh?u ph?n ?n nên ???c chia h?p lý, h?n ch? ?? ?n nhi?u ch?t béo và b? sung thêm th?c ph?m h? tr? x??ng kh?p.  
  
V? s?c kh?e, AmStaff có th? g?p m?t s? v?n ?? di truy?n nh? lo?n s?n x??ng hông, d? ?ng da và b?nh v? tim. Vi?c ??a ?i ki?m tra thú y ??nh k?, tiêm phòng ??y ?? và duy trì ch? ?? dinh d??ng cân b?ng s? giúp kéo dài tu?i th? và duy trì s?c kh?e ?n ??nh cho chúng."	40 – 70 tri?u VN?	18 – 30 tri?u VN?	2500 – 5000 USD	2	1	1	4	medium	1.068348592
30	Dog	bedlington_terrier	12 n?m – 16 n?m	8 – 10 kg	38 – 44 cm	45 – 55 cm	"Bedlington Terrier là gi?ng chó có ngu?n g?c t? Anh, n?i b?t v?i ngo?i hình ??c ?áo, trông gi?ng nh? m?t chú c?u nh? nh? b? lông xo?n m?m và dáng ??u ??c tr?ng. ??ng sau v? ngoài hi?n lành ?y l?i là m?t gi?ng chó nhanh nh?n, d?ng c?m, t?ng ???c dùng ?? s?n chu?t và th?. Tính cách c?a Bedlington Terrier thân thi?n, ho?t bát, trung thành và th??ng g?n bó sâu s?c v?i gia ?ình, phù h?p làm thú c?ng trong nhà.  
  
?? nuôi d??ng Bedlington Terrier kh?e m?nh, b?n c?n ??m b?o cho chúng ???c v?n ??ng th??ng xuyên. Chúng thích ch?y nh?y, ch?i ?ùa và ??c bi?t gi?i trong các ho?t ??ng ?òi h?i s? nhanh nh?n. Nh?ng bu?i ?i d?o dài, trò ch?i ?u?i b?t ho?c luy?n t?p agility là l?a ch?n phù h?p ?? gi? tinh th?n và th? ch?t c?a chúng luôn ?n ??nh. N?u không ???c gi?i phóng n?ng l??ng, chúng có th? tr? nên t?ng ??ng ho?c phá phách.  
  
B? lông c?a Bedlington Terrier ??c bi?t c?n ch?m sóc k? l??ng. ?ây là lo?i lông xo?n và có xu h??ng m?c nhanh, nên ph?i ch?i ??u ??n 2 – 3 l?n m?i tu?n ?? tránh r?i. Ngoài ra, c?n c?t t?a lông ??nh k? ?? gi? ???c dáng ??c tr?ng c?a gi?ng chó này, ??ng th?i duy trì s? s?ch s?. V? sinh tai, r?ng và c?t móng th??ng xuyên c?ng r?t c?n thi?t.  
  
Ch? ?? dinh d??ng c?a Bedlington Terrier nên chú tr?ng ??n protein n?c ch?t l??ng cao và b? sung rau c? qu? ?? cung c?p vitamin, khoáng ch?t. Do gi?ng chó này có nguy c? m?c b?nh liên quan ??n gan, b?n c?n tránh cho ?n th?c ph?m ch?a ??ng quá nhi?u và nên duy trì kh?u ph?n ?n khoa h?c, chia ??u trong ngày.  
  
V? s?c kh?e, ngoài b?nh gan (Copper Toxicosis) ??c tr?ng, Bedlington Terrier còn d? m?c các v?n ?? v? m?t và tim. Do ?ó, b?n nên ??a chúng ?i khám thú y ??nh k?, xét nghi?m di truy?n khi mua gi?ng và theo dõi s?c kh?e sát sao ?? ??m b?o tu?i th? t?i ?a."	40 – 65 tri?u VN?	20 – 30 tri?u VN?	2500 – 4500 USD	4	4	3	2	small	0.675991515
31	Dog	border_terrier	12 n?m – 15 n?m	5 – 7 kg	33 – 40 cm	45 – 55 cm	"Border Terrier là gi?ng chó s?c nh? g?n, nhanh nh?n, có ngu?n g?c t? vùng biên gi?i Anh – Scotland. Chúng n?i b?t v?i b?n tính d?ng c?m, lanh l?i và r?t thân thi?n v?i gia ?ình, ??c bi?t là tr? em. Tuy có g?c là chó s?n cáo nh?ng Border Terrier khá hi?n, d? hu?n luy?n và th??ng s?ng hòa thu?n v?i các v?t nuôi khác n?u ???c xã h?i hóa s?m.  
  
Gi?ng chó này c?n ???c v?n ??ng ??u ??n ?? duy trì th? ch?t kh?e m?nh. Các ho?t ??ng nh? ?i d?o h?ng ngày, ch?y nh?y trong sân v??n ho?c tham gia trò ch?i ?òi h?i s? nhanh nh?n ??u r?t phù h?p. Chúng thông minh và thích h?p v?i nh?ng bài t?p hu?n luy?n ng?n, ?a d?ng ?? tránh s? nhàm chán.  
  
B? lông c?a Border Terrier thu?c lo?i lông kép: bên ngoài thô c?ng, bên trong m?m m?n, giúp ch?ng ch?u th?i ti?t t?t. Vi?c ch?m sóc lông không quá ph?c t?p, ch? c?n ch?i 1 – 2 l?n/tu?n và t?m khi c?n thi?t. Tuy nhiên, nên “hand-stripping” (nh? lông ch?t b?ng tay) vài l?n m?i n?m ?? gi? b? lông kh?e m?nh và ??p t? nhiên.  
  
Ch? ?? dinh d??ng c?a Border Terrier c?n cân b?ng, t?p trung vào protein n?c, ch?t béo lành m?nh cùng rau c? b? sung vitamin và ch?t x?. Do có xu h??ng d? b? béo phì n?u ít v?n ??ng, b?n c?n ki?m soát kh?u ph?n ?n và h?n ch? ?? ?n v?t.  
  
V? s?c kh?e, Border Terrier nhìn chung kh?e m?nh, nh?ng có th? g?p m?t s? b?nh di truy?n nh? b?nh tim, v?n ?? v? kh?p và ch?ng co gi?t. Khám thú y ??nh k? và theo dõi cân n?ng là cách t?t nh?t ?? duy trì tu?i th? và s?c kh?e lâu dài cho chúng."	35 – 55 tri?u VN?	15 – 25 tri?u VN?	2000 – 4000 USD	4	4	3	2	small	0.586542908
32	Dog	kerry_blue_terrier	12 n?m – 15 n?m	15 – 18 kg	44 – 49 cm	55 – 65 cm	"Kerry Blue Terrier là gi?ng chó có ngu?n g?c t? Ireland, n?i b?t v?i b? lông xo?n m?m m??t màu xanh lam ??c ?áo khi tr??ng thành. Chúng thông minh, lanh l?i, trung thành và có tính cách m?nh m?, t?ng ???c s? d?ng trong s?n b?n, canh gác và ch?n gia súc. Dù mang dòng máu chó s?n, Kerry Blue c?ng r?t tình c?m và g?n bó v?i gia ?ình, th??ng tr? thành ng??i b?n ??ng hành ?áng tin c?y.  
  
Gi?ng chó này có nhu c?u v?n ??ng cao, c?n ???c ?i d?o dài ho?c tham gia các ho?t ??ng ngoài tr?i m?i ngày. Chúng thích ch?y nh?y, ch?i ?ùa và c?ng r?t gi?i trong các môn th? thao cho chó nh? agility ho?c obedience. N?u không ???c v?n ??ng ??, Kerry Blue d? tr? nên bu?n chán và phá phách.  
  
B? lông c?a Kerry Blue Terrier m?m, xo?n và không r?ng nhi?u, phù h?p v?i ng??i b? d? ?ng. Tuy nhiên, lông c?a chúng m?c liên t?c nên c?n ch?i ??u ??n 2 – 3 l?n/tu?n ?? tránh r?i và c?t t?a chuyên nghi?p m?i 6 – 8 tu?n ?? gi? dáng ??p. Ngoài ra, v? sinh tai, r?ng và c?t móng th??ng xuyên c?ng r?t quan tr?ng ?? duy trì s?c kh?e t?ng th?.  
  
Ch? ?? dinh d??ng nên giàu protein ch?t l??ng cao t? th?t n?c, cá, tr?ng, k?t h?p v?i rau c? qu? ?? cung c?p vitamin và khoáng ch?t. B?n nên chia nh? kh?u ph?n ?n và tránh cho ?n nhi?u tinh b?t ho?c ?? ?n d?u m?, vì chúng d? b? th?a cân.  
  
V? s?c kh?e, Kerry Blue Terrier nhìn chung khá kh?e m?nh nh?ng có nguy c? m?c các b?nh di truy?n nh? lo?n s?n x??ng hông, ??c th?y tinh th? và b?nh da. Vi?c ki?m tra s?c kh?e ??nh k? và xét nghi?m di truy?n khi mua gi?ng là r?t c?n thi?t ?? ??m b?o chúng có cu?c s?ng kh?e m?nh và lâu dài."	50 – 80 tri?u VN?	25 – 40 tri?u VN?	2500 – 5000 USD	4	4	4	3	medium	0.906338087
33	Dog	irish_terrier	13 n?m – 15 n?m	11 – 13 kg	43 – 48 cm	50 – 60 cm	"Irish Terrier là m?t trong nh?ng gi?ng chó s?c c? x?a nh?t, có ngu?n g?c t? Ireland. Chúng n?i b?t v?i b? lông ?? ??c tr?ng cùng tính cách gan d?, thông minh và trung thành. Dù t?ng ???c nuôi ?? s?n b?t và canh gác, Irish Terrier c?ng r?t tình c?m, g?n bó v?i ch? và th??ng t? ra b?o v? gia ?ình. Chúng d?ng c?m nh?ng không quá hung hãn, phù h?p làm thú c?ng trong nhà n?u ???c hu?n luy?n và xã h?i hóa s?m.  
  
Gi?ng chó này c?n nhi?u v?n ??ng h?ng ngày ?? duy trì s? kh?e m?nh và tinh th?n s?ng khoái. Nh?ng bu?i ?i d?o dài, ch?y t? do trong sân v??n ho?c tham gia trò ch?i t??ng tác ??u r?t c?n thi?t. Ngoài ra, Irish Terrier thông minh và thích h?p v?i các bài hu?n luy?n obedience, agility, v?a giúp rèn luy?n c? th? v?a phát tri?n kh? n?ng t? duy.  
  
B? lông c?a Irish Terrier thu?c lo?i lông kép v?i l?p ngoài c?ng, th?ng và thô, giúp ch?ng ch?u th?i ti?t t?t. Vi?c ch?m sóc lông khá ??n gi?n: ch? c?n ch?i 1 – 2 l?n/tu?n và “hand-stripping” (nh? lông ch?t b?ng tay) vài l?n m?i n?m ?? duy trì ?? bóng m??t và kh?e m?nh. T?m ??nh k?, v? sinh tai và r?ng, c?ng nh? c?t móng th??ng xuyên s? giúp gi? v? sinh t?ng th?.  
  
Dinh d??ng c?a Irish Terrier c?n giàu protein t? th?t n?c, cá, tr?ng, k?t h?p rau c? và ng? c?c nguyên h?t ?? b? sung n?ng l??ng, vitamin và khoáng ch?t. Chúng d? thích nghi v?i nhi?u ch? ?? ?n nh?ng nên tránh ?? ?n nhi?u d?u m? ho?c th?c ?n th?a c?a con ng??i.  
  
V? s?c kh?e, Irish Terrier nhìn chung khá kh?e m?nh, ít g?p b?nh di truy?n nghiêm tr?ng. Tuy nhiên, chúng có th? m?c m?t s? v?n ?? v? da, d? ?ng ho?c lo?n s?n x??ng hông. Vi?c ??a ?i khám thú y ??nh k? và theo dõi tình tr?ng c? th? là cách t?t nh?t ?? kéo dài tu?i th? c?a chúng."	40 – 70 tri?u VN?	20 – 35 tri?u VN?	2000 – 4500 USD	4	3	3	3	small	0.787919249
34	Dog	norfolk_terrier	12 n?m – 15 n?m	5 – 6 kg	23 – 26 cm	30 – 35 cm	"Norfolk Terrier có ngu?n g?c t? Anh, là m?t trong nh?ng gi?ng chó s?c nh? nh?t nh?ng l?i vô cùng d?ng c?m, nhanh nh?n và tràn ??y n?ng l??ng. Chúng n?i b?t v?i ?ôi tai c?p ??c tr?ng (khác v?i Norwich Terrier tai d?ng), cùng tính cách thân thi?n, tình c?m và d? hòa nh?p v?i gia ?ình. Dù nh? bé, Norfolk Terrier v?n gi? b?n n?ng s?n m?i m?nh m? và thích khám phá môi tr??ng xung quanh.  
  
Gi?ng chó này c?n ???c v?n ??ng th??ng xuyên v?i các bu?i ?i d?o h?ng ngày và th?i gian ch?y nh?y trong sân v??n có rào ch?n. Chúng r?t thích tham gia các trò ch?i nh? ném bóng, kéo co ho?c agility, v?a giúp tiêu hao n?ng l??ng v?a g?n k?t v?i ch?. N?u b? b? m?c ho?c không ???c gi?i phóng n?ng l??ng, chúng có th? tr? nên b?n ch?n ho?c phá phách.  
  
B? lông c?a Norfolk Terrier là lo?i lông kép v?i l?p ngoài c?ng, th?ng và l?p lót m?m, giúp chúng ch?u ??ng ???c nhi?u ?i?u ki?n th?i ti?t. Vi?c ch?m sóc lông khá ??n gi?n, ch? c?n ch?i 1 – 2 l?n/tu?n và “hand-stripping” vài l?n m?i n?m ?? lo?i b? lông ch?t, gi? cho b? lông g?n gàng và kh?e m?nh. Ngoài ra, nên v? sinh tai, r?ng và c?t móng ??nh k? ?? tránh các v?n ?? v? v? sinh.  
  
Ch? ?? ?n u?ng c?n cân ??i, giàu protein n?c t? th?t, cá, tr?ng, kèm rau c? qu? và ng? c?c nguyên h?t ?? b? sung n?ng l??ng và d??ng ch?t. Norfolk Terrier d? b? t?ng cân n?u ?n quá nhi?u mà ít v?n ??ng, do ?ó b?n c?n ki?m soát kh?u ph?n ?n h?p lý và h?n ch? ?? ?n v?t.  
  
V? s?c kh?e, gi?ng chó này nhìn chung kh?e m?nh, ít m?c b?nh di truy?n nghiêm tr?ng. Tuy v?y, chúng có th? g?p các v?n ?? v? m?t, kh?p ho?c r?ng mi?ng n?u không ???c ch?m sóc ?úng cách. Khám thú y ??nh k? s? giúp theo dõi s?c kh?e và ??m b?o chúng duy trì ???c tu?i th? lâu dài."	40 – 65 tri?u VN?	18 – 30 tri?u VN?	2500 – 4500 USD	4	4	3	2	small	0.41815378
35	Dog	norwich_terrier	12 n?m – 15 n?m	5 – 6 kg	24 – 26 cm	30 – 35 cm	"Norwich Terrier, có ngu?n g?c t? Anh, là m?t trong nh?ng gi?ng chó s?c nh? nh?t nh?ng l?i c?c k? ho?t bát, thông minh và d?ng c?m. ?i?m ??c tr?ng c?a chúng là ?ôi tai d?ng ??ng (khác v?i Norfolk Terrier tai c?p). Norwich Terrier r?t thân thi?n, yêu thích s? b?u b?n và th??ng g?n bó ch?t ch? v?i gia ?ình, k? c? tr? em và các v?t nuôi khác n?u ???c xã h?i hóa s?m.  
  
Gi?ng chó này có nhu c?u v?n ??ng cao so v?i kích th??c nh? bé c?a chúng. Chúng c?n ???c ?i d?o h?ng ngày k?t h?p v?i các trò ch?i nh? ném bóng, ch?y nh?y ho?c agility ?? gi?i phóng n?ng l??ng. Norwich Terrier nhanh nh?n, thông minh và h?c l?nh khá nhanh, nh?ng ?ôi khi có th? b??ng b?nh, vì v?y hu?n luy?n c?n kiên nh?n và nh?t quán.  
  
B? lông c?a Norwich Terrier thu?c lo?i lông kép: l?p ngoài c?ng, th?ng và l?p lót m?m, giúp ch?u l?nh t?t. Vi?c ch?m sóc lông t??ng ??i d? dàng, ch? c?n ch?i 1 – 2 l?n/tu?n và th?c hi?n “hand-stripping” vài l?n m?i n?m ?? gi? b? lông kh?e m?nh và g?n gàng. Ngoài ra, v? sinh tai, r?ng và c?t móng ??nh k? là c?n thi?t ?? gi? v? sinh t?ng th?.  
  
Ch? ?? dinh d??ng nên giàu protein n?c t? th?t, cá, tr?ng k?t h?p v?i rau c? và ng? c?c nguyên h?t ?? b? sung vitamin, ch?t x? và n?ng l??ng. Do Norwich Terrier khá ham ?n, b?n c?n theo dõi kh?u ph?n ?? tránh béo phì, ??c bi?t là khi ít v?n ??ng.  
  
V? s?c kh?e, Norwich Terrier nhìn chung kh?e m?nh, nh?ng có th? g?p m?t s? v?n ?? di truy?n nh? b?nh tim, tr?t x??ng bánh chè và các v?n ?? v? r?ng. Khám thú y ??nh k? và ch?m sóc s?c kh?e th??ng xuyên s? giúp chúng duy trì tu?i th? và cu?c s?ng kh?e m?nh."	40 – 65 tri?u VN?	18 – 30 tri?u VN?	2500 – 4500 USD	4	4	3	2	small	0.421478406
36	Dog	yorkshire_terrier	12 n?m – 16 n?m	2 – 3.2 kg	18 – 23 cm	22 – 28 cm	"Yorkshire Terrier, th??ng ???c g?i t?t là “Yorkie”, là m?t trong nh?ng gi?ng chó c?nh ph? bi?n nh?t trên th? gi?i, n?i b?t v?i ngo?i hình nh? nh?n, b? lông dài m??t nh? t? và tính cách lanh l?i, giàu tình c?m. Chúng trung thành, thông minh, giàu n?ng l??ng và th??ng r?t g?n bó v?i ch? nhân, ??c bi?t thích h?p làm thú c?ng trong nhà ho?c c?n h? nh?.  
  
Yorkie c?n ???c v?n ??ng v?a ph?i h?ng ngày thông qua các bu?i ?i d?o ng?n, trò ch?i trong nhà ho?c ngoài sân. Dù nh? bé, chúng r?t hi?u ??ng, thích khám phá và có th? tham gia các ho?t ??ng hu?n luy?n thông minh. N?u không ???c gi?i phóng n?ng l??ng, Yorkie có th? tr? nên d? s?a ho?c ngh?ch ng?m.  
  
B? lông c?a Yorkshire Terrier dài, m??t, óng ? và phát tri?n liên t?c gi?ng nh? tóc ng??i. Vì v?y, vi?c ch?m sóc lông ?òi h?i s? kiên nh?n: c?n ch?i lông h?ng ngày ?? tránh r?i và t?m ??nh k? ?? gi? lông m?m m??t, s?ch s?. Ngoài ra, nên c?t t?a lông g?n gàng quanh m?t, tai và bàn chân ?? duy trì s? tho?i mái cho chúng.  
  
Ch? ?? dinh d??ng c?a Yorkie c?n giàu protein ch?t l??ng cao t? th?t n?c, cá, tr?ng k?t h?p rau c? qu? và ng? c?c nguyên h?t. Do kích th??c nh? và d? dày nh?y c?m, b?n nên chia kh?u ph?n thành nhi?u b?a nh? trong ngày. ??ng th?i, h?n ch? th?c ?n d?u m? ho?c ?? ?n th?a c?a con ng??i ?? tránh các v?n ?? v? tiêu hóa.  
  
V? s?c kh?e, Yorkshire Terrier có th? g?p m?t s? b?nh di truy?n nh? tr?t x??ng bánh chè, b?nh v? r?ng mi?ng, suy khí qu?n và h? ???ng huy?t. Vi?c khám thú y ??nh k?, ch?m sóc r?ng mi?ng k? l??ng và duy trì ch? ?? ?n u?ng h?p lý s? giúp Yorkie kh?e m?nh và kéo dài tu?i th?."	30 – 60 tri?u VN?	12 – 25 tri?u VN?	2000 – 5000 USD	5	1	4	3	small	0.300295341
37	Dog	wire_haired_fox_terrier	12 n?m – 15 n?m	7 – 9 kg	36 – 39 cm	45 – 50 cm	"Wire-haired Fox Terrier là gi?ng chó s?n cáo n?i ti?ng ??n t? Anh, ???c lai t?o ?? tham gia các cu?c s?n d??i lòng ??t. Chúng n?i b?t v?i b? lông xo?n c?ng ??c tr?ng, dáng ng??i s?n ch?c, nh? g?n và ?ôi m?t sáng tinh anh. V?i tính cách m?nh m?, ho?t bát, thông minh và ?ôi khi b??ng b?nh, gi?ng chó này r?t phù h?p v?i nh?ng ng??i ch? n?ng ??ng, yêu thích v?n ??ng ngoài tr?i.  
  
Gi?ng chó này c?n ???c v?n ??ng hàng ngày ?? tiêu hao n?ng l??ng d?i dào. Các bu?i ?i d?o dài, ch?y b?, trò ch?i ném bóng ho?c các ho?t ??ng hu?n luy?n thông minh ??u r?t c?n thi?t. N?u b? nh?t trong nhà quá lâu, chúng có th? tr? nên ngh?ch ng?m ho?c phá phách. Vi?c hu?n luy?n nên b?t ??u t? s?m, kiên nh?n và áp d?ng ph??ng pháp tích c?c, b?i Wire-haired Fox Terrier khá ??c l?p và ?ôi khi c?ng ??u.  
  
B? lông xo?n c?ng c?n ???c ch?i th??ng xuyên ?? lo?i b? lông r?ng và b?i b?n. Ngoài ra, ??nh k? t?a lông (hand-stripping ho?c grooming chuyên nghi?p) s? giúp gi? ???c k?t c?u lông kh?e và g?n gàng. V? sinh tai, c?t móng và ch?m sóc r?ng mi?ng th??ng xuyên c?ng r?t quan tr?ng ?? phòng ng?a b?nh t?t.  
  
Ch? ?? dinh d??ng c?a Wire-haired Fox Terrier c?n cân b?ng v?i protein ch?t l??ng cao t? th?t n?c, cá, k?t h?p cùng rau c? qu? và ng? c?c nguyên h?t. Do chúng là gi?ng chó ho?t ??ng nhi?u, c?n b? sung ?? n?ng l??ng nh?ng tránh cho ?n quá nhi?u ?? h?n ch? béo phì.  
  
V? s?c kh?e, Wire-haired Fox Terrier nhìn chung kh?e m?nh, nh?ng có th? g?p các b?nh di truy?n nh? lo?n s?n x??ng hông, b?nh v? da ho?c các v?n ?? v? r?ng mi?ng. Khám thú y ??nh k? và duy trì l?i s?ng n?ng ??ng s? giúp chúng kh?e m?nh, vui t??i và s?ng lâu bên gia ?ình."	20 – 40 tri?u VN?	8 – 15 tri?u VN?	1500 – 4000 USD	3	1	3	3	small	0.621637246
38	Dog	lakeland_terrier	12 n?m – 15 n?m	7 – 8 kg	35 – 37 cm	45 – 50 cm	"Lakeland Terrier có ngu?n g?c t? vùng h? Lake District, Anh Qu?c, ???c lai t?o ?? s?n cáo và các loài ??ng v?t g?m nh?m nh?. Chúng có ngo?i hình nh? g?n, c? th? s?n ch?c, ?ôi tai c?p hình ch? V và b? lông dày c?ng v?i nhi?u màu s?c khác nhau. Tính cách n?i b?t c?a gi?ng chó này là d?ng c?m, lanh l?i, ??c l?p nh?ng c?ng r?t tình c?m và g?n bó v?i ch?.  
  
Gi?ng chó này tràn ??y n?ng l??ng, vì v?y c?n ???c v?n ??ng hàng ngày thông qua các ho?t ??ng nh? ?i d?o dài, ch?y nh?y ngoài tr?i, ch?i ?ùa ho?c tham gia hu?n luy?n agility. N?u không ???c gi?i phóng n?ng l??ng, chúng d? tr? nên b?n ch?n và có th? ngh?ch phá. Lakeland Terrier c?ng r?t thông minh, do ?ó hu?n luy?n nên b?t ??u s?m, s? d?ng ph??ng pháp kiên nh?n và tích c?c ?? ki?m soát s? b??ng b?nh v?n có.  
  
B? lông c?a Lakeland Terrier c?n ???c ch?i th??ng xuyên ?? tránh r?i và lo?i b? lông ch?t. Ngoài ra, ??nh k? t?a lông (hand-stripping) s? giúp gi? k?t c?u lông c?ng, ch?c và kh?e m?nh. Vi?c ch?m sóc lông c?ng ?i kèm v?i v? sinh tai, c?t móng và ch?i r?ng ?? ng?n ng?a b?nh nha chu – m?t b?nh th??ng g?p ? các gi?ng chó nh?.  
  
V? ch? ?? ?n u?ng, Lakeland Terrier c?n ???c cung c?p th?c ?n giàu protein ch?t l??ng cao (th?t n?c, cá, tr?ng) k?t h?p v?i rau c? qu? và tinh b?t nguyên h?t. Chia kh?u ph?n h?p lý và tránh ?? ?n d?u m? ho?c th?c ?n th?a t? con ng??i ?? ??m b?o h? tiêu hóa kh?e m?nh.  
  
Lakeland Terrier là gi?ng chó kh?e m?nh nh?ng có th? m?c m?t s? v?n ?? di truy?n nh? lo?n s?n x??ng hông, b?nh v? m?t (??c th?y tinh th?) ho?c d? ?ng da. Vi?c khám thú y ??nh k?, duy trì ch? ?? dinh d??ng h?p lý và v?n ??ng ??y ?? s? giúp chúng s?ng lâu, kh?e m?nh và h?nh phúc bên gia ?ình."	20 – 40 tri?u VN?	10 – 18 tri?u VN?	2000 – 4500 USD	4	4	3	3	small	0.601742205
39	Dog	sealyham_terrier	12 n?m – 14 n?m	8 – 11 kg	27 – 31 cm	45 – 55 cm	"Sealyham Terrier là gi?ng chó s?c c? ?i?n có ngu?n g?c t? x? Wales, Anh Qu?c, n?i b?t v?i thân hình nh? g?n, c? th? s?n ch?c và b? lông tr?ng dày, c?ng. Chúng có tính cách d?ng c?m, trung thành và hi?u ??ng, nh?ng c?ng r?t thân thi?n, tình c?m và g?n bó v?i gia ?ình. Dù nh? bé, Sealyham Terrier gi? b?n n?ng s?n m?i m?nh m?, phù h?p v?i các gia ?ình mu?n m?t chú chó s?c linh ho?t và thông minh.  
  
Gi?ng chó này c?n ???c v?n ??ng hàng ngày ?? gi? tinh th?n và th? ch?t kh?e m?nh. Các bu?i ?i d?o, ch?y nh?y ngoài sân v??n, ch?i trò ch?i ném bóng ho?c tham gia hu?n luy?n agility là l?a ch?n t?t ?? gi?i phóng n?ng l??ng. N?u b? nh?t quá lâu, chúng có th? tr? nên ngh?ch ng?m ho?c phá phách. Hu?n luy?n Sealyham Terrier nên kiên nh?n, s? d?ng ph??ng pháp tích c?c và b?t ??u t? s?m ?? ki?m soát s? b??ng b?nh t? nhiên.  
  
B? lông c?ng, dày và có l?p lót m?m c?a Sealyham Terrier c?n ???c ch?i ??u ??n 2 – 3 l?n/tu?n ?? tránh r?i và lo?i b? lông ch?t. Ngoài ra, ??nh k? t?a lông (hand-stripping) giúp gi? k?t c?u lông kh?e m?nh và g?n gàng. V? sinh tai, c?t móng và ch?i r?ng th??ng xuyên c?ng r?t quan tr?ng ?? ??m b?o s?c kh?e t?ng th?.  
  
Ch? ?? dinh d??ng c?a Sealyham Terrier nên giàu protein ch?t l??ng cao t? th?t n?c, cá, tr?ng, k?t h?p rau c? qu? và tinh b?t nguyên h?t. Vì ?ây là gi?ng chó nh? nh?ng n?ng ??ng, b?n nên chia kh?u ph?n ?n thành nhi?u b?a nh? trong ngày và h?n ch? th?c ?n d?u m? hay ?? ?n th?a t? con ng??i.  
  
V? s?c kh?e, Sealyham Terrier nhìn chung kh?e m?nh nh?ng có th? g?p m?t s? b?nh di truy?n nh? lo?n s?n x??ng hông, b?nh v? da ho?c v?n ?? v? r?ng. Khám thú y ??nh k? và ch?m sóc ?úng cách s? giúp chúng s?ng lâu, kh?e m?nh và h?nh phúc bên gia ?ình."	30 – 50 tri?u VN?	15 – 25 tri?u VN?	2000 – 4500 USD	4	4	3	2	small	0.606121654
40	Dog	airedale	10 n?m – 13 n?m	18 – 29 kg	56 – 61 cm	70 – 85 cm	"Airedale Terrier, còn ???c g?i là “King of Terriers”, là gi?ng chó s?c l?n nh?t trong nhóm Terrier, có ngu?n g?c t? Anh Qu?c. Chúng n?i b?t v?i vóc dáng kh?e kho?n, c? b?p r?n ch?c, b? lông thô, c?ng và màu s?c ??c tr?ng ?en – nâu vàng. Tính cách c?a Airedale Terrier r?t thông minh, trung thành, d?ng c?m và n?ng ??ng, thích h?p v?i các gia ?ình có không gian r?ng và ch? n?ng ??ng.  
  
Gi?ng chó này c?n ???c v?n ??ng ??u ??n h?ng ngày. Các ho?t ??ng nh? ch?y b?, ?i d?o dài, trò ch?i ném bóng ho?c hu?n luy?n agility s? giúp gi?i phóng n?ng l??ng và duy trì tinh th?n minh m?n. Airedale Terrier thông minh nh?ng ??c l?p, ?ôi khi b??ng b?nh, nên hu?n luy?n c?n kiên nh?n, nh?t quán và s? d?ng ph??ng pháp tích c?c ?? ??t hi?u qu? t?t.  
  
B? lông c?a Airedale Terrier thu?c lo?i lông kép, l?p ngoài thô và c?ng, l?p trong m?m, c?n ???c ch?i 2 – 3 l?n/tu?n ?? lo?i b? lông ch?t và duy trì v? g?n gàng. T?a lông ??nh k? (hand-stripping) giúp gi? k?t c?u lông ch?c kh?e và chu?n dáng. Ngoài ra, v? sinh tai, c?t móng và ch?i r?ng ??nh k? r?t c?n thi?t ?? duy trì s?c kh?e t?ng th?.  
  
Ch? ?? dinh d??ng c?a Airedale Terrier nên giàu protein t? th?t n?c, cá, tr?ng, k?t h?p rau c? qu? và tinh b?t nguyên h?t. Vì là gi?ng chó n?ng ??ng, c?n cung c?p ?? n?ng l??ng nh?ng ki?m soát kh?u ph?n ?? tránh t?ng cân.  
  
V? s?c kh?e, Airedale Terrier nhìn chung kh?e m?nh nh?ng có th? g?p m?t s? v?n ?? v? da, tim và kh?p. Khám thú y ??nh k? và ch?m sóc ?úng cách s? giúp chúng s?ng lâu, kh?e m?nh và h?nh phúc bên gia ?ình."	30 – 55 tri?u VN?	15 – 25 tri?u VN?	2000 – 5000 USD	3	3	3	3	large	1.203702324
41	Dog	cairn	12 n?m – 15 n?m	6 – 7.5 kg	23 – 25 cm	30 – 38 cm	"Cairn Terrier là gi?ng chó s?c nh? g?n, xu?t x? t? Scotland, n?i ti?ng v?i b? lông dày, thô và ?ôi m?t tinh anh. Chúng r?t thông minh, lanh l?i, d?ng c?m và thân thi?n, phù h?p làm thú c?ng trong nhà nh?ng v?n gi? b?n n?ng s?n m?i m?nh m?, thích khám phá môi tr??ng xung quanh. Tính cách c?a Cairn Terrier s?ng ??ng, ho?t bát và trung thành v?i gia ?ình, nh?ng ?ôi khi h?i b??ng b?nh n?u không ???c hu?n luy?n ?úng cách.  
  
Gi?ng chó này c?n ???c v?n ??ng ??u ??n h?ng ngày thông qua các bu?i ?i d?o, ch?y nh?y ngoài sân v??n ho?c ch?i các trò ch?i t??ng tác. Vì Cairn Terrier r?t n?ng ??ng, vi?c thi?u v?n ??ng có th? d?n ??n ngh?ch phá ho?c t?ng ??ng. Hu?n luy?n nên b?t ??u t? s?m, s? d?ng ph??ng pháp tích c?c, nh?t quán và kiên nh?n ?? ??t hi?u qu? t?t.  
  
B? lông c?a Cairn Terrier g?m l?p ngoài thô c?ng và l?p lót m?m, c?n ch?i 2 – 3 l?n/tu?n ?? lo?i b? lông r?ng và gi? lông g?n gàng. ??nh k? c?t t?a ho?c “hand-stripping” giúp gi? k?t c?u lông kh?e m?nh, ??ng th?i v? sinh tai, r?ng và móng c?ng c?n th?c hi?n th??ng xuyên ?? duy trì s?c kh?e t?ng th?.  
  
Ch? ?? dinh d??ng nên giàu protein ch?t l??ng cao t? th?t n?c, cá, tr?ng, k?t h?p rau c? qu? và tinh b?t nguyên h?t. Vì là gi?ng chó nh? nh?ng ho?t bát, b?n nên chia kh?u ph?n ?n thành nhi?u b?a nh? trong ngày, h?n ch? th?c ?n d?u m? ho?c ?? ?n th?a t? con ng??i ?? tránh v?n ?? v? tiêu hóa.  
  
V? s?c kh?e, Cairn Terrier nhìn chung kh?e m?nh, nh?ng có th? g?p m?t s? b?nh di truy?n nh? b?nh m?t, b?nh tim ho?c d? ?ng da. Khám thú y ??nh k? và ch?m sóc ?úng cách s? giúp chúng s?ng lâu, kh?e m?nh và vui v? bên gia ?ình."	25 – 45 tri?u VN?	10 – 20 tri?u VN?	1500 – 4000 USD	4	4	3	2	small	0.446375797
42	Dog	australian_terrier	12 n?m – 15 n?m	5.5 – 7 kg	23 – 28 cm	35 – 40 cm	"Australian Terrier là gi?ng chó s?c nh? g?n xu?t x? t? Úc, n?i b?t v?i ngo?i hình r?n ch?c, b? lông thô c?ng và màu s?c th??ng là nâu vàng pha xám ho?c ?en. Chúng r?t thông minh, lanh l?i, d?ng c?m và trung thành, phù h?p làm thú c?ng trong nhà nh?ng v?n gi? b?n n?ng s?n m?i, thích khám phá môi tr??ng xung quanh. Australian Terrier s?ng ??ng, ho?t bát và g?n bó v?i gia ?ình, nh?ng ?ôi khi có th? h?i b??ng b?nh n?u không ???c hu?n luy?n ?úng cách.  
  
Gi?ng chó này c?n ???c v?n ??ng ??u ??n hàng ngày b?ng các bu?i ?i d?o, ch?y nh?y ngoài sân v??n ho?c ch?i các trò ch?i t??ng tác. N?u thi?u v?n ??ng, Australian Terrier có th? tr? nên ngh?ch ng?m ho?c t?ng ??ng. Hu?n luy?n nên b?t ??u t? s?m, s? d?ng ph??ng pháp tích c?c, nh?t quán và kiên nh?n ?? ??t hi?u qu? t?t.  
  
B? lông thô, c?ng c?a Australian Terrier c?n ???c ch?i ??u ??n 2 – 3 l?n/tu?n ?? lo?i b? lông r?ng và gi? lông g?n gàng. ??nh k? t?a lông ho?c “hand-stripping” giúp duy trì k?t c?u lông kh?e m?nh. Ngoài ra, v? sinh tai, r?ng và móng c?ng nên th?c hi?n th??ng xuyên ?? gi? s?c kh?e t?ng th?.  
  
Ch? ?? dinh d??ng nên giàu protein ch?t l??ng cao t? th?t n?c, cá, tr?ng k?t h?p rau c? qu? và tinh b?t nguyên h?t. Vì ?ây là gi?ng chó nh? nh?ng n?ng ??ng, kh?u ph?n ?n nên chia thành nhi?u b?a nh? và h?n ch? ?? ?n d?u m? ho?c th?c ?n th?a t? con ng??i.  
  
V? s?c kh?e, Australian Terrier nhìn chung kh?e m?nh nh?ng có th? g?p m?t s? v?n ?? di truy?n nh? b?nh m?t, b?nh tim ho?c d? ?ng da. Khám thú y ??nh k? và ch?m sóc ?úng cách s? giúp chúng s?ng lâu, kh?e m?nh và h?nh phúc bên gia ?ình."	25 – 45 tri?u VN?	10 – 18 tri?u VN?	1500 – 4000 USD	4	4	3	3	small	0.462163901
43	Dog	dandie_dinmont	12 n?m – 15 n?m	8 – 11 kg	20 – 28 cm	40 – 50 cm	"Dandie Dinmont Terrier là gi?ng chó s?c nh? xu?t x? t? Scotland, n?i b?t v?i ngo?i hình ??c tr?ng, thân dài, chân ng?n và b? lông thô dài, m?m m?i ? ph?n thân và m??t h?n ? ph?n ??u t?o thành ki?u “topknot” ??c tr?ng. Chúng r?t thông minh, trung thành, tình c?m và có tính cách ?i?m ??m nh?ng c?ng n?ng ??ng, thích khám phá môi tr??ng xung quanh. Dandie Dinmont Terrier là gi?ng chó lý t??ng cho gia ?ình, g?n bó v?i ch? và thân thi?n v?i tr? em.  
  
Gi?ng chó này c?n ???c v?n ??ng h?ng ngày thông qua các bu?i ?i d?o, ch?y nh?y ngoài sân v??n ho?c các trò ch?i t??ng tác. Dù nh?, chúng có n?ng l??ng khá d?i dào và c?n gi?i phóng ??u ??n ?? tránh ngh?ch phá. Hu?n luy?n nên b?t ??u s?m, s? d?ng ph??ng pháp tích c?c, nh?t quán và kiên nh?n ?? ki?m soát s? b??ng b?nh t? nhiên c?a gi?ng chó này.  
  
B? lông c?a Dandie Dinmont Terrier c?n ???c ch?m sóc ??u ??n, ch?i 2 – 3 l?n/tu?n ?? lo?i b? lông r?ng và gi? lông g?n gàng. ??nh k? t?a lông ho?c “hand-stripping” s? giúp duy trì k?t c?u lông kh?e m?nh và chu?n dáng. V? sinh tai, r?ng và móng c?ng c?n th?c hi?n th??ng xuyên ?? ??m b?o s?c kh?e t?ng th?.  
  
Ch? ?? dinh d??ng nên giàu protein ch?t l??ng cao t? th?t n?c, cá, tr?ng k?t h?p rau c? qu? và tinh b?t nguyên h?t. Do kích th??c nh? nh?ng n?ng ??ng, nên chia kh?u ph?n thành nhi?u b?a nh? và h?n ch? ?? ?n d?u m? ho?c th?c ?n th?a t? con ng??i.  
  
V? s?c kh?e, Dandie Dinmont Terrier nhìn chung kh?e m?nh nh?ng có th? g?p m?t s? b?nh di truy?n nh? b?nh tim, v?n ?? v? da ho?c r?ng mi?ng. Khám thú y ??nh k? và ch?m sóc ?úng cách s? giúp chúng s?ng lâu, kh?e m?nh và h?nh phúc bên gia ?ình."	30 – 50 tri?u VN?	15 – 25 tri?u VN?	2000 – 4500 USD	4	4	3	2	small	0.550396267
44	Dog	boston_bull	11 n?m – 13 n?m	6 – 11 kg	38 – 43 cm	45 – 55 cm	"Boston Bull là gi?ng chó nh? g?n, xu?t x? t? M?, n?i b?t v?i ngo?i hình thanh l?ch, khuôn m?t tròn, m?t to sáng và b? lông ng?n m??t, th??ng có các màu ph?i tr?ng – ?en, tr?ng – nâu ho?c tr?ng – brindle. Chúng r?t thông minh, tình c?m, trung thành và hòa ??ng, thích h?p làm thú c?ng trong c?n h? ho?c gia ?ình có tr? em. Boston Bull có tính cách hi?n lành nh?ng ?ôi khi c?ng khá n?ng ??ng và tinh ngh?ch.  
  
Gi?ng chó này c?n ???c v?n ??ng ??u ??n hàng ngày thông qua các bu?i ?i d?o, ch?y nh?y nh? ho?c ch?i trò ch?i t??ng tác trong nhà và ngoài sân. Dù n?ng ??ng, Boston Bull không ?òi h?i v?n ??ng quá m?c, nh?ng vi?c gi?i phóng n?ng l??ng s? giúp chúng gi?m b?t stress và duy trì tinh th?n vui v?. Hu?n luy?n nên s? d?ng ph??ng pháp tích c?c và kiên nh?n, vì chúng thông minh nh?ng ?ôi khi b??ng b?nh.  
  
B? lông ng?n m??t c?a Boston Bull d? ch?m sóc, ch? c?n ch?i lông 1 – 2 l?n/tu?n ?? lo?i b? lông r?ng và gi? v? bóng m??t. Ngoài ra, v? sinh tai, c?t móng và ch?m sóc r?ng mi?ng ??u ??n s? giúp phòng ng?a b?nh lý th??ng g?p.  
  
Ch? ?? dinh d??ng nên giàu protein ch?t l??ng cao t? th?t n?c, cá, tr?ng, k?t h?p rau c? qu? và tinh b?t nguyên h?t. Vì là gi?ng chó nh?, kh?u ph?n nên chia thành 2 – 3 b?a nh? trong ngày và h?n ch? th?c ?n nhi?u d?u m? ho?c ?? ?n th?a c?a con ng??i.  
  
V? s?c kh?e, Boston Bull có th? g?p các v?n ?? liên quan ??n hô h?p do khuôn m?t ng?n (brachycephalic), b?nh tim và m?t. Khám thú y ??nh k?, duy trì ch? ?? ?n h?p lý và v?n ??ng phù h?p s? giúp chúng kh?e m?nh, s?ng lâu và h?nh phúc bên gia ?ình."	25 – 45 tri?u VN?	12 – 20 tri?u VN?	1500 – 4000 USD	4	4	1	2	small	0.662745727
45	Dog	miniature_schnauzer	12 n?m – 15 n?m	5 – 9 kg	30 – 36 cm	38 – 45 cm	"Miniature Schnauzer là gi?ng chó s?c nh? g?n, xu?t x? t? ??c, n?i b?t v?i b? ria mép ??c tr?ng, b? lông kép dày và thô ? l?p ngoài, m?m ? l?p trong. Chúng thông minh, lanh l?i, trung thành và r?t tình c?m v?i gia ?ình, ??ng th?i n?ng ??ng, thích khám phá và có b?n n?ng canh gác t?t. Miniature Schnauzer hòa ??ng v?i tr? em và phù h?p làm thú c?ng trong c?n h? ho?c nhà có sân.  
  
Gi?ng chó này c?n ???c v?n ??ng ??u ??n h?ng ngày thông qua các bu?i ?i d?o, ch?y nh?y ngoài sân v??n ho?c ch?i trò ch?i t??ng tác. N?u thi?u v?n ??ng, Miniature Schnauzer có th? tr? nên ngh?ch ng?m ho?c t?ng ??ng. Hu?n luy?n nên b?t ??u s?m, s? d?ng ph??ng pháp tích c?c, kiên nh?n và nh?t quán ?? ki?m soát s? b??ng b?nh và phát huy trí thông minh c?a chúng.  
  
B? lông c?a Miniature Schnauzer c?n ch?i 2 – 3 l?n/tu?n ?? lo?i b? lông r?ng và gi? lông g?n gàng. ??nh k? t?a lông (hand-stripping ho?c c?t lông) giúp duy trì k?t c?u lông kh?e m?nh, ??ng th?i gi? v? ngoài chu?n m?c. V? sinh tai, r?ng và móng c?ng nên th?c hi?n th??ng xuyên ?? ??m b?o s?c kh?e t?ng th?.  
  
Ch? ?? dinh d??ng nên giàu protein ch?t l??ng cao t? th?t n?c, cá, tr?ng, k?t h?p rau c? qu? và tinh b?t nguyên h?t. Vì là gi?ng chó nh? nh?ng n?ng ??ng, kh?u ph?n nên chia thành nhi?u b?a nh? trong ngày và h?n ch? th?c ?n d?u m? ho?c ?? ?n th?a t? con ng??i.  
  
V? s?c kh?e, Miniature Schnauzer nhìn chung kh?e m?nh nh?ng có th? g?p m?t s? v?n ?? v? r?ng, tuy?n t?y, ???ng ti?t ni?u ho?c da. Khám thú y ??nh k? và ch?m sóc ?úng cách s? giúp chúng s?ng lâu, kh?e m?nh và h?nh phúc bên gia ?ình."	25 – 50 tri?u VN?	12 – 22 tri?u VN?	1500 – 4000 USD	4	4	3	2	small	0.544898336
46	Dog	giant_schnauzer	10 n?m – 12 n?m	35 – 48 kg	60 – 70 cm	85 – 100 cm	"Giant Schnauzer là gi?ng chó s?c l?n, xu?t x? t? ??c, n?i b?t v?i thân hình v?m v?, c? b?p r?n ch?c và b? ria mép cùng lông m?t ??c tr?ng. Chúng thông minh, trung thành, m?nh m? và có b?n n?ng b?o v? gia ?ình cao, th??ng ???c s? d?ng làm chó canh gác ho?c c?nh sát. Giant Schnauzer hòa ??ng v?i ng??i thân nh?ng có th? c?nh giác v?i ng??i l?, do ?ó c?n ???c xã h?i hóa t? s?m.  
  
Gi?ng chó này c?n v?n ??ng th??ng xuyên và bài b?n. Các bu?i ?i d?o dài, ch?y nh?y, ch?i trò ch?i t??ng tác ho?c các ho?t ??ng hu?n luy?n nh? agility và obedience s? giúp Giant Schnauzer gi?i phóng n?ng l??ng, duy trì th? l?c và tinh th?n minh m?n. Thi?u v?n ??ng, chúng có th? tr? nên phá phách ho?c c?ng th?ng. Hu?n luy?n nên kiên nh?n, nh?t quán, s? d?ng ph??ng pháp tích c?c ?? ki?m soát tính cách m?nh m? và phát huy trí thông minh.  
  
B? lông c?a Giant Schnauzer thu?c lo?i lông kép, l?p ngoài c?ng thô và l?p trong m?m, c?n ch?i 2 – 3 l?n/tu?n ?? lo?i b? lông r?ng. ??nh k? t?a lông ho?c “hand-stripping” giúp duy trì k?t c?u lông kh?e m?nh và chu?n dáng. V? sinh tai, r?ng và c?t móng ??u ??n c?ng r?t quan tr?ng ?? b?o v? s?c kh?e t?ng th?.  
  
Ch? ?? dinh d??ng nên giàu protein ch?t l??ng cao t? th?t n?c, cá, tr?ng, k?t h?p rau c? qu? và tinh b?t nguyên h?t. Vì ?ây là gi?ng chó l?n, c?n cung c?p ?? n?ng l??ng nh?ng ki?m soát kh?u ph?n ?? tránh th?a cân, chia b?a ?n h?p lý trong ngày.  
  
V? s?c kh?e, Giant Schnauzer có th? g?p m?t s? v?n ?? v? hông, khu?u tay, tim ho?c m?t. Khám thú y ??nh k?, duy trì v?n ??ng h?p lý và ch? ?? dinh d??ng cân ??i s? giúp chúng s?ng kh?e m?nh, an toàn và h?nh phúc bên gia ?ình."	50 – 80 tri?u VN?	25 – 40 tri?u VN?	3000 – 6000 USD	4	4	3	4	large	1.67152168
47	Dog	standard_schnauzer	12 n?m – 15 n?m	14 – 20 kg	45 – 50 cm	55 – 65 cm	"Standard Schnauzer là gi?ng chó s?c trung bình xu?t x? t? ??c, n?i b?t v?i c? th? r?n ch?c, lông kép c?ng thô và b? ria mép ??c tr?ng. Chúng thông minh, trung thành, c?nh giác và r?t tình c?m v?i gia ?ình. ?ây là gi?ng chó n?ng ??ng, d? hu?n luy?n và có b?n n?ng b?o v? cao, phù h?p làm thú c?ng, chó canh gác ho?c chó ??ng hành trong các ho?t ??ng ngoài tr?i.  
  
Gi?ng chó này c?n v?n ??ng ??u ??n m?i ngày b?ng các bu?i ?i d?o, ch?y nh?y ho?c ch?i các trò ch?i t??ng tác. Vi?c v?n ??ng và kích thích trí tu? thông qua hu?n luy?n agility ho?c obedience s? giúp Standard Schnauzer duy trì s?c kh?e th? ch?t và tinh th?n minh m?n. Hu?n luy?n nên kiên nh?n, nh?t quán và s? d?ng ph??ng pháp tích c?c ?? ki?m soát tính cách m?nh m? và phát huy trí thông minh.  
  
B? lông c?a Standard Schnauzer c?n ch?i 2 – 3 l?n/tu?n ?? lo?i b? lông r?ng, ??ng th?i t?a lông ??nh k? ho?c “hand-stripping” ?? gi? k?t c?u lông ch?c kh?e và chu?n dáng. V? sinh tai, r?ng và c?t móng th??ng xuyên c?ng r?t quan tr?ng ?? duy trì s?c kh?e t?ng th?.  
  
Ch? ?? dinh d??ng nên giàu protein ch?t l??ng cao t? th?t n?c, cá, tr?ng k?t h?p rau c? qu? và tinh b?t nguyên h?t. Do ??c ?i?m n?ng ??ng, kh?u ph?n nên chia thành nhi?u b?a nh? và tránh th?c ?n d?u m? ho?c ?? ?n th?a c?a con ng??i.  
  
V? s?c kh?e, Standard Schnauzer nhìn chung kh?e m?nh nh?ng có th? g?p m?t s? v?n ?? v? tim, m?t ho?c kh?p. Khám thú y ??nh k? và ch?m sóc ?úng cách s? giúp chúng s?ng lâu, kh?e m?nh và h?nh phúc bên gia ?ình."	35 – 60 tri?u VN?	15 – 30 tri?u VN?	2000 – 4500 USD	4	4	3	4	medium	0.922908501
48	Dog	scotch_terrier	11 n?m – 13 n?m	8.5 – 10.5 kg	25 – 28 cm	40 – 50 cm	"Scotch Terrier là gi?ng chó s?c nh? g?n xu?t x? t? Scotland, n?i b?t v?i ngo?i hình kh?e kho?n, lông kép dày, thô và b? ria mép cùng lông m?t ??c tr?ng t?o thành ki?u “beard”. Chúng thông minh, trung thành, d?ng c?m và có b?n n?ng s?n m?i, ??ng th?i g?n bó và tình c?m v?i gia ?ình. Scotch Terrier hòa ??ng v?i ng??i thân nh?ng ?ôi khi có th? b??ng b?nh và c?nh giác v?i ng??i l?.  
  
Gi?ng chó này c?n v?n ??ng h?ng ngày b?ng các bu?i ?i d?o, ch?y nh?y ngoài sân v??n ho?c ch?i các trò ch?i t??ng tác. M?c dù nh?, Scotch Terrier n?ng ??ng và thích khám phá, nên vi?c gi?i phóng n?ng l??ng th??ng xuyên s? giúp chúng gi?m stress và duy trì tinh th?n vui v?. Hu?n luy?n nên b?t ??u s?m, kiên nh?n và s? d?ng ph??ng pháp tích c?c ?? ki?m soát tính cách m?nh m? và phát huy trí thông minh.  
  
B? lông c?a Scotch Terrier c?n ch?i 2 – 3 l?n/tu?n ?? lo?i b? lông r?ng, gi? lông g?n gàng và chu?n dáng. ??nh k? t?a lông ho?c “hand-stripping” giúp duy trì k?t c?u lông kh?e m?nh. V? sinh tai, r?ng và c?t móng ??u ??n c?ng r?t quan tr?ng ?? b?o v? s?c kh?e t?ng th?.  
  
Ch? ?? dinh d??ng nên giàu protein ch?t l??ng cao t? th?t n?c, cá, tr?ng, k?t h?p rau c? qu? và tinh b?t nguyên h?t. Vì là gi?ng chó nh? nh?ng n?ng ??ng, kh?u ph?n nên chia thành nhi?u b?a nh? và h?n ch? th?c ?n d?u m? ho?c ?? ?n th?a c?a con ng??i.  
  
V? s?c kh?e, Scotch Terrier có th? g?p m?t s? v?n ?? v? da, tim và m?t. Khám thú y ??nh k?, duy trì v?n ??ng h?p lý và ch? ?? ?n cân ??i s? giúp chúng s?ng kh?e m?nh, kéo dài tu?i th? và h?nh phúc bên gia ?ình."	30 – 55 tri?u VN?	15 – 25 tri?u VN?	2000 – 4500 USD	4	4	3	4	small	0.567019397
49	Dog	tibetan_terrier	12 n?m – 15 n?m	8 – 14 kg	36 – 41 cm	45 – 55 cm	"Tibetan Terrier là gi?ng chó s?c trung bình xu?t x? t? Tây T?ng, n?i b?t v?i ngo?i hình uy?n chuy?n, b? lông dài, dày và m?m m?i, che ph? toàn b? c? th? và chân. Chúng thông minh, tình c?m, trung thành và g?n bó m?nh m? v?i gia ?ình. Tibetan Terrier hòa ??ng v?i tr? em, có b?n n?ng canh gác và c?nh giác v?i ng??i l? nh?ng không hung d?.  
  
Gi?ng chó này c?n ???c v?n ??ng ??u ??n h?ng ngày thông qua các bu?i ?i d?o, ch?y nh?y nh? ho?c ch?i trò ch?i t??ng tác trong nhà và ngoài sân. Chúng thích khám phá môi tr??ng xung quanh và tham gia các ho?t ??ng hu?n luy?n nh? nhàng. Vi?c v?n ??ng th??ng xuyên giúp duy trì s?c kh?e, tinh th?n vui v? và tránh ngh?ch phá.  
  
B? lông dài c?a Tibetan Terrier ?òi h?i ch?m sóc k? l??ng, c?n ch?i lông ít nh?t 2 – 3 l?n/tu?n ?? tránh r?i, lo?i b? lông r?ng và gi? lông m?m m??t. ??nh k? c?t t?a lông quanh m?t, tai và bàn chân ?? ??m b?o tho?i mái và s?ch s?. V? sinh tai, r?ng và móng th??ng xuyên c?ng r?t quan tr?ng ?? duy trì s?c kh?e t?ng th?.  
  
Ch? ?? dinh d??ng nên giàu protein ch?t l??ng cao t? th?t n?c, cá, tr?ng, k?t h?p rau c? qu? và tinh b?t nguyên h?t. Vì là gi?ng chó có lông dài và n?ng ??ng, nên chia kh?u ph?n thành nhi?u b?a nh? trong ngày, tránh th?c ?n d?u m? ho?c ?? ?n th?a t? con ng??i.  
  
V? s?c kh?e, Tibetan Terrier nhìn chung kh?e m?nh nh?ng có th? g?p các v?n ?? v? m?t, kh?p ho?c d? dày. Khám thú y ??nh k?, ch?m sóc lông và v?n ??ng h?p lý s? giúp chúng s?ng kh?e m?nh, vui v? và h?nh phúc bên gia ?ình."	30 – 55 tri?u VN?	15 – 25 tri?u VN?	2000 – 4500 USD	4	4	4	5	small	0.699053034
50	Dog	silky_terrier	12 n?m – 15 n?m	3.5 – 4.5 kg	23 – 26 cm	30 – 35 cm	"Silky Terrier là gi?ng chó s?c nh? g?n, xu?t x? t? Úc, n?i b?t v?i b? lông dài, m??t mà nh? t?, khuôn m?t thanh tú và ?ôi tai d?ng. Chúng thông minh, lanh l?i, tình c?m và r?t trung thành v?i gia ?ình. Silky Terrier hòa ??ng v?i tr? em và các thú c?ng khác, thích h?p làm thú c?ng trong c?n h? ho?c nhà có sân nh?.  
  
Gi?ng chó này c?n v?n ??ng ??u ??n hàng ngày thông qua các bu?i ?i d?o, ch?y nh?y nh? và các trò ch?i t??ng tác trong nhà ho?c sân v??n. Dù nh?, Silky Terrier r?t n?ng ??ng và thích khám phá, vi?c v?n ??ng th??ng xuyên giúp chúng duy trì s?c kh?e và tránh ngh?ch phá. Hu?n luy?n nên kiên nh?n, s? d?ng ph??ng pháp tích c?c ?? phát huy trí thông minh và ki?m soát tính cách h?i b??ng b?nh.  
  
B? lông dài m??t c?a Silky Terrier ?òi h?i ch?i lông hàng ngày ?? tránh r?i, gi? lông m?m m??t và s?ch s?. ??nh k? t?a lông quanh m?t, tai và bàn chân ?? ??m b?o tho?i mái. V? sinh tai, r?ng và c?t móng ??u ??n c?ng r?t c?n thi?t ?? b?o v? s?c kh?e t?ng th?.  
  
Ch? ?? dinh d??ng nên giàu protein ch?t l??ng cao t? th?t n?c, cá, tr?ng k?t h?p rau c? qu? và tinh b?t nguyên h?t. Vì kích th??c nh?, nên chia kh?u ph?n thành nhi?u b?a nh? trong ngày và h?n ch? th?c ?n d?u m? ho?c ?? ?n th?a t? con ng??i.  
  
V? s?c kh?e, Silky Terrier có th? g?p các v?n ?? v? r?ng, m?t, kh?p ho?c da. Khám thú y ??nh k? và ch?m sóc ?úng cách s? giúp chúng s?ng lâu, kh?e m?nh và h?nh phúc bên gia ?ình."	30 – 55 tri?u VN?	15 – 25 tri?u VN?	2000 – 4500 USD	4	4	4	2	small	0.388390293
51	Dog	soft_coated_wheaten_terrier	12 n?m – 15 n?m	14 – 20 kg	43 – 48 cm	55 – 65 cm	"Soft-Coated Wheaten Terrier là gi?ng chó s?c trung bình, xu?t x? t? Ireland, n?i b?t v?i b? lông m?m, m??t, màu lúa m?ch ??c tr?ng và thân hình cân ??i. Chúng thông minh, n?ng ??ng, tình c?m và r?t trung thành v?i gia ?ình. Wheaten Terrier hòa ??ng v?i tr? em và các thú c?ng khác, ??ng th?i có tính cách vui v?, thích khám phá và tinh ngh?ch.  
  
Gi?ng chó này c?n v?n ??ng ??u ??n h?ng ngày thông qua các bu?i ?i d?o, ch?y nh?y ngoài sân v??n ho?c ch?i các trò ch?i t??ng tác. Vi?c v?n ??ng th??ng xuyên giúp Wheaten Terrier duy trì s?c kh?e th? ch?t, tinh th?n vui v? và tránh ngh?ch phá. Hu?n luy?n nên kiên nh?n, nh?t quán và s? d?ng ph??ng pháp tích c?c ?? phát huy trí thông minh và ki?m soát s? hi?u ??ng c?a chúng.  
  
B? lông m?m m??t c?a Wheaten Terrier c?n ch?i ít nh?t 2 – 3 l?n/tu?n ?? tránh r?i, gi? lông g?n gàng và s?ch s?. ??nh k? c?t t?a lông quanh m?t, tai và bàn chân ?? ??m b?o tho?i mái. V? sinh tai, r?ng và c?t móng ??u ??n c?ng r?t quan tr?ng ?? duy trì s?c kh?e t?ng th?.  
  
Ch? ?? dinh d??ng nên giàu protein ch?t l??ng cao t? th?t n?c, cá, tr?ng, k?t h?p rau c? qu? và tinh b?t nguyên h?t. Vì n?ng ??ng, nên chia kh?u ph?n ?n thành nhi?u b?a nh? trong ngày và h?n ch? th?c ?n nhi?u d?u m? ho?c ?? ?n th?a t? con ng??i.  
  
V? s?c kh?e, Soft-Coated Wheaten Terrier có th? g?p m?t s? v?n ?? v? th?n, kh?p ho?c da. Khám thú y ??nh k? và ch?m sóc ?úng cách s? giúp chúng s?ng kh?e m?nh, vui v? và h?nh phúc bên gia ?ình."	30 – 55 tri?u VN?	15 – 25 tri?u VN?	2000 – 4500 USD	4	4	3	2	medium	0.909609997
52	Dog	west_highland_white_terrier	12 n?m – 16 n?m	6 – 9 kg	25 – 28 cm	35 – 40 cm	"West Highland White Terrier là gi?ng chó s?c nh? g?n, xu?t x? t? Scotland, n?i b?t v?i b? lông tr?ng dày, thô và khuôn m?t ?áng yêu v?i ?ôi m?t sáng. Chúng thông minh, n?ng ??ng, trung thành và r?t g?n bó v?i gia ?ình. Westie hòa ??ng v?i tr? em, tinh ngh?ch và thích khám phá môi tr??ng xung quanh, ??ng th?i có b?n n?ng canh gác t?t.  
  
Gi?ng chó này c?n v?n ??ng ??u ??n h?ng ngày b?ng các bu?i ?i d?o, ch?y nh?y ngoài sân v??n ho?c ch?i các trò ch?i t??ng tác. Vi?c v?n ??ng th??ng xuyên giúp Westie duy trì th? ch?t kh?e m?nh, tinh th?n vui v? và tránh ngh?ch phá. Hu?n luy?n nên kiên nh?n, s? d?ng ph??ng pháp tích c?c ?? phát huy trí thông minh và ki?m soát s? hi?u ??ng.  
  
B? lông tr?ng c?a Westie c?n ch?i ít nh?t 2 – 3 l?n/tu?n ?? lo?i b? lông r?ng, tránh r?i và gi? v? ngoài g?n gàng. ??nh k? t?a lông quanh m?t, tai và bàn chân ?? ??m b?o tho?i mái và s?ch s?. V? sinh tai, r?ng và c?t móng ??u ??n c?ng r?t c?n thi?t ?? duy trì s?c kh?e t?ng th?.  
  
Ch? ?? dinh d??ng nên giàu protein ch?t l??ng cao t? th?t n?c, cá, tr?ng k?t h?p rau c? qu? và tinh b?t nguyên h?t. Vì là gi?ng chó nh? nh?ng n?ng ??ng, nên chia kh?u ph?n thành nhi?u b?a nh? trong ngày và h?n ch? th?c ?n d?u m? ho?c ?? ?n th?a c?a con ng??i.  
  
V? s?c kh?e, West Highland White Terrier có th? g?p các v?n ?? v? da, r?ng, m?t ho?c kh?p. Khám thú y ??nh k?, ch?m sóc lông và v?n ??ng h?p lý s? giúp chúng s?ng kh?e m?nh, vui v? và h?nh phúc bên gia ?ình."	30 – 55 tri?u VN?	15 – 25 tri?u VN?	2000 – 4500 USD	4	4	3	2	small	0.493616059
53	Dog	lhasa	12 n?m – 15 n?m	5 – 8 kg	25 – 28 cm	35 – 40 cm	"Lhasa Apso là gi?ng chó s?c nh? g?n xu?t x? t? Tây T?ng, n?i b?t v?i b? lông dài, dày và m?m m?i, ph? kín c? th? t? ??u ??n chân, cùng khuôn m?t ?áng yêu v?i ?ôi m?t sáng và b? ria mép ??c tr?ng. Chúng thông minh, trung thành, c?nh giác và g?n bó m?nh m? v?i gia ?ình. Lhasa Apso hòa ??ng v?i tr? em, nh?ng ?ôi khi có tính cách h?i ??c l?p và kiên quy?t.  
  
Gi?ng chó này c?n v?n ??ng ??u ??n h?ng ngày thông qua các bu?i ?i d?o ng?n, ch?y nh?y nh? ho?c ch?i trò ch?i t??ng tác trong nhà và sân v??n. M?c dù nh? nh?ng n?ng ??ng, vi?c v?n ??ng th??ng xuyên giúp Lhasa Apso duy trì s?c kh?e th? ch?t và tinh th?n vui v?, tránh ngh?ch phá. Hu?n luy?n nên kiên nh?n, s? d?ng ph??ng pháp tích c?c ?? phát huy trí thông minh và ki?m soát tính cách ??c l?p c?a chúng.  
  
B? lông dài c?a Lhasa Apso ?òi h?i ch?i lông hàng ngày ?? tránh r?i, gi? lông m?m m??t và s?ch s?. ??nh k? t?a lông quanh m?t, tai và bàn chân ?? ??m b?o tho?i mái và g?n gàng. V? sinh tai, r?ng và c?t móng ??u ??n c?ng r?t quan tr?ng ?? duy trì s?c kh?e t?ng th?.  
  
Ch? ?? dinh d??ng nên giàu protein ch?t l??ng cao t? th?t n?c, cá, tr?ng k?t h?p rau c? qu? và tinh b?t nguyên h?t. Vì kích th??c nh? nh?ng n?ng ??ng, nên chia kh?u ph?n thành nhi?u b?a nh? trong ngày và h?n ch? th?c ?n d?u m? ho?c ?? ?n th?a t? con ng??i.  
  
V? s?c kh?e, Lhasa Apso có th? g?p m?t s? v?n ?? v? m?t, hô h?p, kh?p ho?c da. Khám thú y ??nh k? và ch?m sóc lông, dinh d??ng ?úng cách s? giúp chúng s?ng lâu, kh?e m?nh và h?nh phúc bên gia ?ình."	30 – 55 tri?u VN?	15 – 25 tri?u VN?	2000 – 4500 USD	4	4	4	4	small	0.473773734
54	Dog	flat_coated_retriever	8 n?m – 10 n?m	27 – 36 kg	56 – 62 cm	85 – 100 cm	"Flat-Coated Retriever là gi?ng chó s?n m?i xu?t x? t? Anh, n?i b?t v?i ngo?i hình cân ??i, thân hình m?nh m? và b? lông dài, m??t, óng sáng, th??ng có màu ?en ho?c nâu. Chúng thông minh, n?ng ??ng, vui v?, trung thành và r?t thân thi?n v?i con ng??i, ??c bi?t phù h?p v?i gia ?ình có tr? em. ?ây là gi?ng chó ham h?c h?i, thích tham gia các ho?t ??ng ngoài tr?i và có b?n n?ng s?n m?i cao.  
  
Gi?ng chó này c?n v?n ??ng ??u ??n m?i ngày thông qua các bu?i ?i d?o, ch?y nh?y, b?i l?i ho?c tham gia các trò ch?i tìm ki?m, ném bóng. Vi?c v?n ??ng th??ng xuyên giúp duy trì s?c kh?e th? ch?t, tinh th?n minh m?n và h?n ch? các hành vi phá phách. Hu?n luy?n nên kiên nh?n, nh?t quán và s? d?ng ph??ng pháp tích c?c ?? phát huy trí thông minh và b?n n?ng h?c h?i t? nhiên c?a Flat-Coated Retriever.  
  
B? lông dài, m??t c?a Flat-Coated Retriever c?n ???c ch?i ít nh?t 2 – 3 l?n/tu?n ?? lo?i b? lông r?ng, gi? lông bóng m??t và tránh r?i. ??nh k? t?m, c?t t?a lông quanh tai, chân và m?t s? giúp chó g?n gàng, s?ch s?. V? sinh tai, r?ng và c?t móng th??ng xuyên c?ng r?t quan tr?ng ?? duy trì s?c kh?e t?ng th?.  
  
Ch? ?? dinh d??ng nên giàu protein ch?t l??ng cao t? th?t n?c, cá, tr?ng, k?t h?p rau c? qu? và tinh b?t nguyên h?t. Vì n?ng ??ng và v?n ??ng nhi?u, kh?u ph?n ?n nên cân ??i, chia ??u trong ngày, h?n ch? th?c ?n d?u m? ho?c ?? ?n th?a t? con ng??i.  
  
V? s?c kh?e, Flat-Coated Retriever có th? g?p m?t s? v?n ?? v? x??ng kh?p, tim m?ch và ung th?. Khám thú y ??nh k?, duy trì v?n ??ng h?p lý và ch? ?? dinh d??ng cân ??i s? giúp chúng s?ng kh?e m?nh, n?ng ??ng và h?nh phúc bên gia ?ình."	40 – 70 tri?u VN?	20 – 35 tri?u VN?	2500 – 5000 USD	4	4	4	2	large	1.433202924
55	Dog	curly_coated_retriever	10 n?m – 12 n?m	27 – 36 kg	58 – 69 cm	85 – 100 cm	"Curly-Coated Retriever là gi?ng chó s?n m?i xu?t x? t? Anh, n?i b?t v?i b? lông xo?n ??c tr?ng, dày và c?ng, giúp b?o v? c? th? khi làm vi?c trong n??c ho?c th?i ti?t kh?c nghi?t. Chúng thông minh, n?ng ??ng, ??c l?p nh?ng r?t trung thành và g?n bó v?i gia ?ình. ?ây là gi?ng chó ham v?n ??ng, yêu thích b?i l?i, s?n m?i và các ho?t ??ng ngoài tr?i.  
  
Gi?ng chó này c?n v?n ??ng ??u ??n h?ng ngày b?ng các bu?i ?i d?o, ch?y nh?y, b?i l?i ho?c tham gia các trò ch?i t??ng tác. Vi?c v?n ??ng th??ng xuyên giúp Curly-Coated Retriever duy trì s?c kh?e th? ch?t và tinh th?n vui v?, ??ng th?i h?n ch? hành vi phá phách. Hu?n luy?n nên kiên nh?n, s? d?ng ph??ng pháp tích c?c và nh?t quán ?? phát huy trí thông minh và b?n n?ng h?c h?i t? nhiên c?a chúng.  
  
B? lông xo?n ??c tr?ng c?n ???c ch?i ??u 1 – 2 l?n/tu?n ?? lo?i b? lông r?ng, gi? lông s?ch s? và bóng kh?e. T?m ??nh k?, v? sinh tai, c?t móng và ch?m sóc r?ng mi?ng ??u ??n giúp duy trì s?c kh?e t?ng th?. Vì lông dày và xo?n, không nên ch?i quá m?nh ho?c quá th??ng xuyên, tránh làm t?n th??ng l?p lông b?o v? t? nhiên.  
  
Ch? ?? dinh d??ng nên giàu protein ch?t l??ng cao t? th?t n?c, cá, tr?ng, k?t h?p rau c? qu? và tinh b?t nguyên h?t. Vì Curly-Coated Retriever v?n ??ng nhi?u, kh?u ph?n ?n nên cân ??i, chia ??u trong ngày và h?n ch? th?c ?n nhi?u d?u m? ho?c ?? ?n th?a t? con ng??i.  
  
V? s?c kh?e, gi?ng chó này có th? g?p m?t s? v?n ?? v? x??ng kh?p, tim m?ch và da. Khám thú y ??nh k?, v?n ??ng h?p lý và ch?m sóc lông ?úng cách s? giúp chúng s?ng kh?e m?nh, n?ng ??ng và h?nh phúc bên gia ?ình."	40 – 70 tri?u VN?	20 – 35 tri?u VN?	2500 – 5000 USD	4	4	3	3	large	1.463124558
56	Dog	golden_retriever	10 n?m – 12 n?m	25 – 34 kg	51 – 61 cm	80 – 95 cm	"Golden Retriever là gi?ng chó s?n m?i xu?t x? t? Scotland, n?i b?t v?i b? lông dài, dày, m?m m??t và màu vàng kim ??c tr?ng. Chúng thông minh, thân thi?n, trung thành và c?c k? hòa ??ng, phù h?p v?i gia ?ình có tr? em. Golden Retriever ham h?c h?i, thích v?n ??ng và tham gia các ho?t ??ng ngoài tr?i, ??ng th?i có b?n n?ng s?n m?i cao và kh? n?ng làm chó d?n ???ng, h? tr? c?u h?.  
  
Gi?ng chó này c?n v?n ??ng h?ng ngày b?ng các bu?i ?i d?o, ch?y nh?y, b?i l?i ho?c tham gia các trò ch?i t??ng tác. Vi?c v?n ??ng th??ng xuyên giúp Golden Retriever duy trì s?c kh?e th? ch?t, tinh th?n minh m?n và tránh các hành vi phá phách. Hu?n luy?n nên kiên nh?n, nh?t quán, s? d?ng ph??ng pháp tích c?c ?? phát huy trí thông minh và tính cách thân thi?n c?a chúng.  
  
B? lông dài, m??t c?a Golden Retriever c?n ch?i 2 – 3 l?n/tu?n ?? lo?i b? lông r?ng, tránh r?i và gi? lông s?ch s?. T?m ??nh k?, v? sinh tai, r?ng và c?t móng ??u ??n c?ng r?t quan tr?ng ?? duy trì s?c kh?e t?ng th?. Ngoài ra, ki?m tra và ch?m sóc lông quanh m?t, tai và bàn chân s? giúp chó luôn g?n gàng và tho?i mái.  
  
Ch? ?? dinh d??ng nên giàu protein ch?t l??ng cao t? th?t n?c, cá, tr?ng k?t h?p rau c? qu? và tinh b?t nguyên h?t. Vì là gi?ng chó n?ng ??ng, kh?u ph?n ?n nên cân ??i, chia ??u trong ngày và h?n ch? th?c ?n d?u m? ho?c ?? ?n th?a t? con ng??i.  
  
V? s?c kh?e, Golden Retriever có th? g?p m?t s? v?n ?? v? x??ng kh?p, tim m?ch, m?t và ung th?. Khám thú y ??nh k?, ch?m sóc lông và v?n ??ng h?p lý s? giúp chúng s?ng kh?e m?nh, vui v? và h?nh phúc bên gia ?ình."	40 – 70 tri?u VN?	20 – 35 tri?u VN?	2500 – 5000 USD	4	4	4	2	large	1.351091393
57	Dog	labrador_retriever	10 n?m – 12 n?m	25 – 36 kg	54 – 62 cm	80 – 95 cm	"Labrador Retriever là gi?ng chó s?n m?i xu?t x? t? Canada, n?i b?t v?i thân hình cân ??i, kh?e m?nh và b? lông ng?n, dày, d? ch?m sóc, th??ng có màu vàng, ?en ho?c socola. Chúng thông minh, thân thi?n, trung thành và r?t hòa ??ng, ??c bi?t phù h?p v?i gia ?ình có tr? em. Labrador ham h?c h?i, thích v?n ??ng và tham gia các trò ch?i ngoài tr?i, ??ng th?i có b?n n?ng s?n m?i và kh? n?ng làm chó d?n ???ng ho?c c?u h?.  
  
Gi?ng chó này c?n v?n ??ng h?ng ngày b?ng các bu?i ?i d?o, ch?y nh?y, b?i l?i ho?c tham gia các trò ch?i tìm ki?m và ném bóng. Vi?c v?n ??ng th??ng xuyên giúp Labrador duy trì s?c kh?e th? ch?t, tinh th?n minh m?n và tránh các hành vi phá phách. Hu?n luy?n nên kiên nh?n, nh?t quán và s? d?ng ph??ng pháp tích c?c ?? phát huy trí thông minh và tính cách hòa ??ng c?a chúng.  
  
B? lông ng?n, dày c?a Labrador d? ch?m sóc, ch? c?n ch?i 1 – 2 l?n/tu?n ?? lo?i b? lông r?ng và gi? lông s?ch s?. T?m ??nh k?, v? sinh tai, r?ng và c?t móng ??u ??n c?ng r?t quan tr?ng ?? duy trì s?c kh?e t?ng th?. Ki?m tra vùng quanh m?t, tai và bàn chân giúp chó luôn g?n gàng và tho?i mái.  
  
Ch? ?? dinh d??ng nên giàu protein ch?t l??ng cao t? th?t n?c, cá, tr?ng k?t h?p rau c? qu? và tinh b?t nguyên h?t. Vì n?ng ??ng và v?n ??ng nhi?u, kh?u ph?n ?n nên cân ??i, chia ??u trong ngày và h?n ch? th?c ?n d?u m? ho?c ?? ?n th?a t? con ng??i.  
  
V? s?c kh?e, Labrador Retriever có th? g?p m?t s? v?n ?? v? x??ng kh?p, béo phì, tim m?ch ho?c m?t. Khám thú y ??nh k?, ch?m sóc lông và v?n ??ng h?p lý s? giúp chúng s?ng kh?e m?nh, n?ng ??ng và h?nh phúc bên gia ?ình."	40 – 70 tri?u VN?	20 – 35 tri?u VN?	2500 – 5000 USD	4	4	1	2	large	1.384232222
58	Dog	chesapeake_bay_retriever	10 n?m – 13 n?m	25 – 36 kg	53 – 66 cm	80 – 95 cm	"Chesapeake Bay Retriever là gi?ng chó s?n m?i xu?t x? t? M?, n?i b?t v?i b? lông dày, ng?n, thô và ch?ng n??c, th??ng có màu nâu s?m, socola ho?c lông vàng. Chúng thông minh, trung thành, kiên ??nh và r?t g?n bó v?i gia ?ình. ?ây là gi?ng chó n?ng ??ng, ham h?c h?i, có b?n n?ng s?n m?i m?nh m? và kh? n?ng b?i l?i tuy?t v?i, r?t thích h?p cho các ho?t ??ng ngoài tr?i và th? thao chó s?n.  
  
Gi?ng chó này c?n v?n ??ng ??u ??n h?ng ngày b?ng các bu?i ?i d?o, ch?y nh?y, b?i l?i ho?c tham gia các trò ch?i t??ng tác ngoài tr?i. Vi?c v?n ??ng th??ng xuyên giúp Chesapeake Bay Retriever duy trì s?c kh?e th? ch?t, tinh th?n minh m?n và h?n ch? hành vi phá phách. Hu?n luy?n nên kiên nh?n, nh?t quán, s? d?ng ph??ng pháp tích c?c và rõ ràng ?? phát huy trí thông minh và tính cách n?ng ??ng c?a chúng.  
  
B? lông dày, ng?n và ch?ng n??c c?a Chesapeake Bay Retriever khá d? ch?m sóc, ch? c?n ch?i lông 1 – 2 l?n/tu?n ?? lo?i b? lông r?ng và gi? lông s?ch s?. T?m ??nh k?, v? sinh tai, r?ng và c?t móng ??u ??n c?ng r?t c?n thi?t ?? duy trì s?c kh?e t?ng th?. Ngoài ra, ki?m tra vùng quanh m?t, tai và bàn chân giúp chó luôn g?n gàng và tho?i mái.  
  
Ch? ?? dinh d??ng nên giàu protein ch?t l??ng cao t? th?t n?c, cá, tr?ng, k?t h?p rau c? qu? và tinh b?t nguyên h?t. Vì là gi?ng chó n?ng ??ng và v?n ??ng nhi?u, kh?u ph?n ?n nên cân ??i, chia ??u trong ngày và h?n ch? th?c ?n d?u m? ho?c ?? ?n th?a t? con ng??i.  
  
V? s?c kh?e, Chesapeake Bay Retriever có th? g?p m?t s? v?n ?? v? x??ng kh?p, tim m?ch và da. Khám thú y ??nh k?, ch?m sóc lông và v?n ??ng h?p lý s? giúp chúng s?ng kh?e m?nh, n?ng ??ng và h?nh phúc bên gia ?ình."	45 – 75 tri?u VN?	25 – 40 tri?u VN?	2500 – 5500 USD	4	4	1	3	large	1.3942061
59	Dog	german_short_haired_pointer	12 n?m – 14 n?m	20 – 32 kg	53 – 64 cm	75 – 90 cm	"German Shorthaired Pointer là gi?ng chó s?n xu?t x? t? ??c, n?i b?t v?i thân hình cân ??i, c? b?p s?n ch?c và b? lông ng?n, m??t, th??ng có màu nâu, tr?ng ho?c pha nâu-tr?ng. Chúng thông minh, nhanh nh?n, d?ng c?m và r?t trung thành v?i gia ?ình. ?ây là gi?ng chó s?n n?ng ??ng, thích tham gia các ho?t ??ng ngoài tr?i, b?i l?i và th? thao chó s?n.  
  
Gi?ng chó này c?n v?n ??ng hàng ngày b?ng các bu?i ?i d?o dài, ch?y nh?y, b?i l?i ho?c các trò ch?i t??ng tác. Vi?c v?n ??ng th??ng xuyên giúp GSP duy trì s?c kh?e th? ch?t, tinh th?n minh m?n và h?n ch? các hành vi phá phách. Hu?n luy?n nên nh?t quán, kiên nh?n và s? d?ng ph??ng pháp tích c?c ?? phát huy trí thông minh và kh? n?ng h?c h?i nhanh nh?y c?a chúng.  
  
B? lông ng?n, m??t c?a GSP d? ch?m sóc, ch? c?n ch?i 1 – 2 l?n/tu?n ?? lo?i b? lông r?ng và gi? lông s?ch s?. T?m ??nh k?, v? sinh tai, r?ng và c?t móng ??u ??n c?ng quan tr?ng ?? duy trì s?c kh?e t?ng th?. Ki?m tra m?t, tai và bàn chân giúp chó luôn tho?i mái và g?n gàng.  
  
Ch? ?? dinh d??ng nên giàu protein ch?t l??ng cao t? th?t n?c, cá, tr?ng, k?t h?p rau c? qu? và tinh b?t nguyên h?t. Vì là gi?ng chó n?ng ??ng, kh?u ph?n ?n nên cân ??i, chia ??u trong ngày và h?n ch? th?c ?n d?u m? ho?c ?? ?n th?a t? con ng??i.  
  
V? s?c kh?e, German Shorthaired Pointer có th? g?p các v?n ?? v? x??ng kh?p, tim m?ch và m?t s? b?nh di truy?n v? m?t. Khám thú y ??nh k?, ch?m sóc lông và v?n ??ng h?p lý s? giúp chúng s?ng kh?e m?nh, n?ng ??ng và h?nh phúc bên gia ?ình."	40 – 70 tri?u VN?	20 – 35 tri?u VN?	2500 – 5000 USD	4	4	1	3	large	1.275787261
60	Dog	vizsla	12 n?m – 14 n?m	20 – 30 kg	53 – 64 cm	75 – 90 cm	"Vizsla là gi?ng chó s?n xu?t x? t? Hungary, n?i b?t v?i thân hình s?n ch?c, c? b?p linh ho?t và b? lông ng?n, m??t, th??ng có màu vàng ?? ??c tr?ng. Chúng thông minh, n?ng ??ng, trung thành và r?t g?n bó v?i gia ?ình. Vizsla là gi?ng chó s?n b?n n?ng cao, ham h?c h?i và r?t thích các ho?t ??ng ngoài tr?i, ??c bi?t là ch?y nh?y và b?i l?i.  
  
Gi?ng chó này c?n v?n ??ng ??u ??n m?i ngày thông qua các bu?i ?i d?o dài, ch?y nh?y, b?i l?i ho?c các trò ch?i t??ng tác. Vi?c v?n ??ng th??ng xuyên giúp Vizsla duy trì s?c kh?e th? ch?t, tinh th?n minh m?n và h?n ch? các hành vi phá phách. Hu?n luy?n nên kiên nh?n, nh?t quán và s? d?ng ph??ng pháp tích c?c ?? phát huy trí thông minh và kh? n?ng h?c h?i nhanh nh?y c?a chúng.  
  
B? lông ng?n, m??t c?a Vizsla r?t d? ch?m sóc, ch? c?n ch?i 1 – 2 l?n/tu?n ?? lo?i b? lông r?ng và gi? lông s?ch s?. T?m ??nh k?, v? sinh tai, r?ng và c?t móng ??u ??n giúp duy trì s?c kh?e t?ng th?. Ki?m tra m?t, tai và bàn chân giúp chó luôn tho?i mái và g?n gàng.  
  
Ch? ?? dinh d??ng nên giàu protein ch?t l??ng cao t? th?t n?c, cá, tr?ng, k?t h?p rau c? qu? và tinh b?t nguyên h?t. Vì là gi?ng chó n?ng ??ng, kh?u ph?n ?n nên cân ??i, chia ??u trong ngày và h?n ch? th?c ?n d?u m? ho?c ?? ?n th?a t? con ng??i.  
  
V? s?c kh?e, Vizsla có th? g?p m?t s? v?n ?? v? x??ng kh?p, tim m?ch và b?nh di truy?n v? m?t. Khám thú y ??nh k?, ch?m sóc lông và v?n ??ng h?p lý s? giúp chúng s?ng kh?e m?nh, n?ng ??ng và h?nh phúc bên gia ?ình."	40 – 70 tri?u VN?	20 – 35 tri?u VN?	2500 – 5000 USD	4	4	1	3	large	1.255944937
61	Dog	english_setter	10 n?m – 12 n?m	20 – 36 kg	58 – 69 cm	80 – 95 cm	"English Setter là gi?ng chó s?n xu?t x? t? Anh, n?i b?t v?i thân hình cân ??i, uy?n chuy?n và b? lông dài, m??t, th??ng có màu tr?ng pha các ??m ?en, cam ho?c nâu ??. Chúng thông minh, hi?n lành, trung thành và r?t hòa ??ng, ??c bi?t phù h?p v?i gia ?ình có tr? em. English Setter ham h?c h?i, thích v?n ??ng và các trò ch?i ngoài tr?i, ??ng th?i có b?n n?ng s?n m?i cao.  
  
Gi?ng chó này c?n v?n ??ng h?ng ngày b?ng các bu?i ?i d?o dài, ch?y nh?y, b?i l?i ho?c tham gia các trò ch?i t??ng tác. Vi?c v?n ??ng th??ng xuyên giúp English Setter duy trì s?c kh?e th? ch?t, tinh th?n minh m?n và h?n ch? các hành vi phá phách. Hu?n luy?n nên kiên nh?n, nh?t quán và s? d?ng ph??ng pháp tích c?c ?? phát huy trí thông minh và b?n n?ng s?n m?i c?a chúng.  
  
B? lông dài, m??t c?a English Setter c?n ???c ch?i 2 – 3 l?n/tu?n ?? lo?i b? lông r?ng, tránh r?i và gi? lông s?ch s?. T?m ??nh k?, v? sinh tai, r?ng và c?t móng ??u ??n giúp duy trì s?c kh?e t?ng th?. Ngoài ra, ki?m tra vùng quanh m?t, tai và bàn chân s? giúp chó luôn g?n gàng và tho?i mái.  
  
Ch? ?? dinh d??ng nên giàu protein ch?t l??ng cao t? th?t n?c, cá, tr?ng k?t h?p rau c? qu? và tinh b?t nguyên h?t. Vì là gi?ng chó n?ng ??ng, kh?u ph?n ?n nên cân ??i, chia ??u trong ngày và h?n ch? th?c ?n d?u m? ho?c ?? ?n th?a t? con ng??i.  
  
V? s?c kh?e, English Setter có th? g?p m?t s? v?n ?? v? x??ng kh?p, tim m?ch và m?t. Khám thú y ??nh k?, ch?m sóc lông và v?n ??ng h?p lý s? giúp chúng s?ng kh?e m?nh, n?ng ??ng và h?nh phúc bên gia ?ình."	40 – 70 tri?u VN?	20 – 35 tri?u VN?	2500 – 5000 USD	4	4	4	2	large	1.371197296
62	Dog	irish_setter	10 n?m – 12 n?m	27 – 32 kg	58 – 67 cm	85 – 100 cm	"Irish Setter là gi?ng chó s?n xu?t x? t? Ireland, n?i b?t v?i b? lông dài, m??t, ?? r?c ??c tr?ng và thân hình uy?n chuy?n, cân ??i. Chúng thông minh, hi?n lành, thân thi?n, giàu n?ng l??ng và trung thành v?i gia ?ình. ?ây là gi?ng chó n?ng ??ng, thích v?n ??ng ngoài tr?i, ch?y nh?y và tham gia các trò ch?i t??ng tác, ??ng th?i có b?n n?ng s?n m?i cao.  
  
Gi?ng chó này c?n v?n ??ng h?ng ngày b?ng các bu?i ?i d?o dài, ch?y nh?y, b?i l?i ho?c tham gia các trò ch?i v?n ??ng ngoài tr?i. Vi?c v?n ??ng th??ng xuyên giúp Irish Setter duy trì s?c kh?e th? ch?t, tinh th?n minh m?n và h?n ch? các hành vi phá phách. Hu?n luy?n nên kiên nh?n, nh?t quán và s? d?ng ph??ng pháp tích c?c ?? phát huy trí thông minh và tính cách hòa ??ng c?a chúng.  
  
B? lông dài, m??t c?a Irish Setter c?n ch?i 2 – 3 l?n/tu?n ?? lo?i b? lông r?ng, tránh r?i và gi? lông s?ch s?. T?m ??nh k?, v? sinh tai, r?ng và c?t móng ??u ??n giúp duy trì s?c kh?e t?ng th?. Ki?m tra vùng quanh m?t, tai và bàn chân s? giúp chó luôn g?n gàng và tho?i mái.  
  
Ch? ?? dinh d??ng nên giàu protein ch?t l??ng cao t? th?t n?c, cá, tr?ng k?t h?p rau c? qu? và tinh b?t nguyên h?t. Vì là gi?ng chó n?ng ??ng, kh?u ph?n ?n nên cân ??i, chia ??u trong ngày và h?n ch? th?c ?n d?u m? ho?c ?? ?n th?a t? con ng??i.  
  
V? s?c kh?e, Irish Setter có th? g?p m?t s? v?n ?? v? x??ng kh?p, tim m?ch và m?t. Khám thú y ??nh k?, ch?m sóc lông và v?n ??ng h?p lý s? giúp chúng s?ng kh?e m?nh, n?ng ??ng và h?nh phúc bên gia ?ình."	45 – 75 tri?u VN?	25 – 40 tri?u VN?	2500 – 5500 USD	4	4	4	2	large	1.416790658
63	Dog	gordon_setter	10 n?m – 12 n?m	25 – 36 kg	58 – 69 cm	85 – 100 cm	"Gordon Setter là gi?ng chó s?n xu?t x? t? Scotland, n?i b?t v?i b? lông dài, m??t và màu ?en pha nâu ?? ??c tr?ng. Chúng thông minh, trung thành, hi?n lành và r?t g?n bó v?i gia ?ình. ?ây là gi?ng chó n?ng ??ng, có b?n n?ng s?n m?i cao, thích các ho?t ??ng ngoài tr?i nh? ch?y nh?y, ?i d?o và tham gia các trò ch?i v?n ??ng.  
  
Gi?ng chó này c?n v?n ??ng ??u ??n h?ng ngày thông qua các bu?i ?i d?o dài, ch?y nh?y, b?i l?i ho?c trò ch?i t??ng tác. Vi?c v?n ??ng th??ng xuyên giúp Gordon Setter duy trì s?c kh?e th? ch?t, tinh th?n minh m?n và h?n ch? các hành vi phá phách. Hu?n luy?n nên kiên nh?n, nh?t quán và s? d?ng ph??ng pháp tích c?c ?? phát huy trí thông minh và kh? n?ng h?c h?i nhanh nh?y c?a chúng.  
  
B? lông dài, m??t c?a Gordon Setter c?n ch?i 2 – 3 l?n/tu?n ?? lo?i b? lông r?ng, tránh r?i và gi? lông s?ch s?. T?m ??nh k?, v? sinh tai, r?ng và c?t móng ??u ??n c?ng r?t c?n thi?t ?? duy trì s?c kh?e t?ng th?. Ki?m tra vùng quanh m?t, tai và bàn chân giúp chó luôn g?n gàng và tho?i mái.  
  
Ch? ?? dinh d??ng nên giàu protein ch?t l??ng cao t? th?t n?c, cá, tr?ng k?t h?p rau c? qu? và tinh b?t nguyên h?t. Vì là gi?ng chó n?ng ??ng, kh?u ph?n ?n nên cân ??i, chia ??u trong ngày và h?n ch? th?c ?n d?u m? ho?c ?? ?n th?a t? con ng??i.  
  
V? s?c kh?e, Gordon Setter có th? g?p m?t s? v?n ?? v? x??ng kh?p, tim m?ch và m?t. Khám thú y ??nh k?, ch?m sóc lông và v?n ??ng h?p lý s? giúp chúng s?ng kh?e m?nh, n?ng ??ng và h?nh phúc bên gia ?ình."	45 – 75 tri?u VN?	25 – 40 tri?u VN?	2500 – 5500 USD	4	4	4	1	large	1.443282234
64	Dog	brittany_spaniel	12 n?m – 14 n?m	14 – 18 kg	47 – 52 cm	60 – 70 cm	"Brittany Spaniel là gi?ng chó s?n xu?t x? t? Pháp, n?i b?t v?i thân hình s?n ch?c, c? b?p linh ho?t và b? lông ng?n ??n trung bình, m??t, th??ng có màu tr?ng ph?i cam, nâu ho?c ??m. Chúng thông minh, thân thi?n, n?ng ??ng và r?t trung thành v?i gia ?ình. ?ây là gi?ng chó ham h?c h?i, thích tham gia các ho?t ??ng ngoài tr?i nh? ch?y nh?y, b?i l?i và s?n m?i.  
  
Gi?ng chó này c?n v?n ??ng hàng ngày b?ng các bu?i ?i d?o dài, ch?y nh?y, b?i l?i ho?c trò ch?i t??ng tác ngoài tr?i. Vi?c v?n ??ng th??ng xuyên giúp Brittany Spaniel duy trì s?c kh?e th? ch?t, tinh th?n minh m?n và h?n ch? các hành vi phá phách. Hu?n luy?n nên kiên nh?n, nh?t quán và s? d?ng ph??ng pháp tích c?c ?? phát huy trí thông minh và b?n n?ng s?n m?i c?a chúng.  
  
B? lông ng?n ??n trung bình, m??t c?a Brittany Spaniel khá d? ch?m sóc, ch? c?n ch?i 1 – 2 l?n/tu?n ?? lo?i b? lông r?ng và gi? lông s?ch s?. T?m ??nh k?, v? sinh tai, r?ng và c?t móng ??u ??n giúp duy trì s?c kh?e t?ng th?. Ki?m tra vùng quanh m?t, tai và bàn chân s? giúp chó luôn g?n gàng và tho?i mái.  
  
Ch? ?? dinh d??ng nên giàu protein ch?t l??ng cao t? th?t n?c, cá, tr?ng, k?t h?p rau c? qu? và tinh b?t nguyên h?t. Vì là gi?ng chó n?ng ??ng, kh?u ph?n ?n nên cân ??i, chia ??u trong ngày và h?n ch? th?c ?n d?u m? ho?c ?? ?n th?a t? con ng??i.  
  
V? s?c kh?e, Brittany Spaniel có th? g?p m?t s? v?n ?? v? x??ng kh?p, tim m?ch và m?t. Khám thú y ??nh k?, ch?m sóc lông và v?n ??ng h?p lý s? giúp chúng s?ng kh?e m?nh, n?ng ??ng và h?nh phúc bên gia ?ình."	40 – 70 tri?u VN?	20 – 35 tri?u VN?	2500 – 5000 USD	4	4	1	2	medium	0.938843807
65	Dog	clumber	10 n?m – 12 n?m	25 – 39 kg	43 – 51 cm	75 – 90 cm	"Clumber Spaniel là gi?ng chó s?n xu?t x? t? Anh, n?i b?t v?i thân hình to l?n, v?m v?, lông tr?ng pha v?t vàng nh?t ho?c cam nh?t và khuôn m?t tròn d? th??ng. Chúng hi?n lành, trung thành, ?i?m ??m và r?t g?n bó v?i gia ?ình. ?ây là gi?ng chó s?n ch?m rãi nh?ng b?n b?, thích các ho?t ??ng ngoài tr?i, ??c bi?t là ?i d?o dài và s?n m?i ? các vùng ??t th?p.  
  
Gi?ng chó này c?n v?n ??ng h?ng ngày b?ng các bu?i ?i d?o dài, ch?y nh?y nh? nhàng ho?c trò ch?i ngoài tr?i. M?c dù Clumber Spaniel không quá nhanh nh?n, vi?c v?n ??ng ??u ??n giúp duy trì s?c kh?e th? ch?t, tinh th?n minh m?n và h?n ch? tình tr?ng th?a cân. Hu?n luy?n nên nh? nhàng, kiên nh?n và s? d?ng ph??ng pháp tích c?c ?? khích l? s? h?p tác và trí thông minh c?a chúng.  
  
B? lông dày, m??t c?a Clumber Spaniel c?n ???c ch?i 2 – 3 l?n/tu?n ?? lo?i b? lông r?ng, tránh r?i và gi? lông s?ch s?. T?m ??nh k?, v? sinh tai, r?ng và c?t móng ??u ??n giúp duy trì s?c kh?e t?ng th?. Ngoài ra, c?n chú ý vùng quanh m?t và tai ?? ng?n ng?a nhi?m trùng.  
  
Ch? ?? dinh d??ng nên giàu protein ch?t l??ng cao t? th?t n?c, cá, tr?ng, k?t h?p rau c? qu? và tinh b?t nguyên h?t. Vì gi?ng chó này d? th?a cân, kh?u ph?n ?n nên cân ??i, chia ??u trong ngày và h?n ch? th?c ?n d?u m? ho?c ?? ?n th?a t? con ng??i.  
  
V? s?c kh?e, Clumber Spaniel có th? g?p các v?n ?? v? x??ng kh?p, tim m?ch, béo phì và b?nh m?t. Khám thú y ??nh k?, ch?m sóc lông và v?n ??ng h?p lý s? giúp chúng s?ng kh?e m?nh, ?i?m ??m và h?nh phúc bên gia ?ình."	45 – 75 tri?u VN?	25 – 40 tri?u VN?	2500 – 5500 USD	5	4	3	1	large	1.31837481
66	Dog	english_springer	12 n?m – 14 n?m	18 – 25 kg	46 – 56 cm	65 – 75 cm	"English Springer Spaniel là gi?ng chó s?n xu?t x? t? Anh, n?i b?t v?i thân hình cân ??i, c? b?p s?n ch?c và b? lông dài, m??t, th??ng có màu tr?ng ph?i ?en ho?c nâu, ?ôi khi có các ??m màu. Chúng thông minh, hi?n lành, trung thành và r?t g?n bó v?i gia ?ình, ??c bi?t phù h?p v?i các gia ?ình n?ng ??ng ho?c có tr? em. Springer Spaniel ham h?c h?i, n?ng ??ng và thích các ho?t ??ng ngoài tr?i nh? ch?y nh?y, b?i l?i và s?n m?i.  
  
Gi?ng chó này c?n v?n ??ng h?ng ngày b?ng các bu?i ?i d?o dài, ch?y nh?y, b?i l?i ho?c các trò ch?i t??ng tác ngoài tr?i. Vi?c v?n ??ng th??ng xuyên giúp English Springer Spaniel duy trì s?c kh?e th? ch?t, tinh th?n minh m?n và h?n ch? các hành vi phá phách. Hu?n luy?n nên kiên nh?n, nh?t quán và s? d?ng ph??ng pháp tích c?c ?? phát huy trí thông minh và b?n n?ng s?n m?i c?a chúng.  
  
B? lông dài, m??t c?a Springer Spaniel c?n ???c ch?i 2 – 3 l?n/tu?n ?? lo?i b? lông r?ng, tránh r?i và gi? lông s?ch s?. T?m ??nh k?, v? sinh tai, r?ng và c?t móng ??u ??n giúp duy trì s?c kh?e t?ng th?. Ki?m tra vùng quanh m?t, tai và bàn chân giúp chó luôn g?n gàng và tho?i mái.  
  
Ch? ?? dinh d??ng nên giàu protein ch?t l??ng cao t? th?t n?c, cá, tr?ng k?t h?p rau c? qu? và tinh b?t nguyên h?t. Vì là gi?ng chó n?ng ??ng, kh?u ph?n ?n nên cân ??i, chia ??u trong ngày và h?n ch? th?c ?n d?u m? ho?c ?? ?n th?a t? con ng??i.  
  
V? s?c kh?e, English Springer Spaniel có th? g?p m?t s? v?n ?? v? x??ng kh?p, tim m?ch và m?t. Khám thú y ??nh k?, ch?m sóc lông và v?n ??ng h?p lý s? giúp chúng s?ng kh?e m?nh, n?ng ??ng và h?nh phúc bên gia ?ình."	40 – 70 tri?u VN?	20 – 35 tri?u VN?	2500 – 5000 USD	4	4	4	1	medium	1.080429596
67	Dog	welsh_springer_spaniel	12 n?m – 14 n?m	16 – 25 kg	43 – 48 cm	60 – 70 cm	"Welsh Springer Spaniel là gi?ng chó s?n xu?t x? t? x? Wales, n?i b?t v?i b? lông dài, m??t và màu ?? – tr?ng ??c tr?ng, thân hình cân ??i và c? b?p s?n ch?c. Chúng thông minh, thân thi?n, trung thành và r?t g?n bó v?i gia ?ình. ?ây là gi?ng chó n?ng ??ng, ham h?c h?i và thích v?n ??ng ngoài tr?i, ??c bi?t là ch?y nh?y, b?i l?i và tham gia các trò ch?i s?n m?i.  
  
Gi?ng chó này c?n v?n ??ng hàng ngày thông qua các bu?i ?i d?o dài, ch?y nh?y, b?i l?i ho?c các trò ch?i t??ng tác ngoài tr?i. Vi?c v?n ??ng ??u ??n giúp Welsh Springer Spaniel duy trì s?c kh?e th? ch?t, tinh th?n minh m?n và h?n ch? các hành vi phá phách. Hu?n luy?n nên kiên nh?n, nh?t quán và s? d?ng ph??ng pháp tích c?c ?? phát huy trí thông minh và b?n n?ng s?n m?i c?a chúng.  
  
B? lông dài, m??t c?a Welsh Springer Spaniel c?n ???c ch?i 2 – 3 l?n/tu?n ?? lo?i b? lông r?ng, tránh r?i và gi? lông s?ch s?. T?m ??nh k?, v? sinh tai, r?ng và c?t móng ??u ??n giúp duy trì s?c kh?e t?ng th?. Ki?m tra vùng quanh m?t, tai và bàn chân giúp chó luôn g?n gàng và tho?i mái.  
  
Ch? ?? dinh d??ng nên giàu protein ch?t l??ng cao t? th?t n?c, cá, tr?ng k?t h?p rau c? qu? và tinh b?t nguyên h?t. Vì là gi?ng chó n?ng ??ng, kh?u ph?n ?n nên cân ??i, chia ??u trong ngày và h?n ch? th?c ?n d?u m? ho?c ?? ?n th?a t? con ng??i.  
  
V? s?c kh?e, Welsh Springer Spaniel có th? g?p m?t s? v?n ?? v? x??ng kh?p, tim m?ch và m?t. Khám thú y ??nh k?, ch?m sóc lông và v?n ??ng h?p lý s? giúp chúng s?ng kh?e m?nh, n?ng ??ng và h?nh phúc bên gia ?ình."	40 – 70 tri?u VN?	20 – 35 tri?u VN?	2500 – 5000 USD	4	4	4	2	medium	1.001537259
68	Dog	cocker_spaniel	12 n?m – 15 n?m	12 – 16 kg	38 – 41 cm	50 – 60 cm	"Cocker Spaniel là gi?ng chó s?n xu?t x? t? Anh (English Cocker) và M? (American Cocker), n?i b?t v?i b? lông dài, m??t và óng ?, th??ng có màu ?en, nâu, ??, vàng ho?c ph?i màu. Chúng thông minh, hi?n lành, thân thi?n, giàu tình c?m và r?t g?n bó v?i gia ?ình. ?ây là gi?ng chó ham h?c h?i, n?ng ??ng nh?ng c?ng thích g?n g?i và ???c vu?t ve.  
  
Gi?ng chó này c?n v?n ??ng h?ng ngày b?ng các bu?i ?i d?o, ch?y nh?y, trò ch?i ngoài tr?i ho?c trong sân nhà. Vi?c v?n ??ng ??u ??n giúp Cocker Spaniel duy trì s?c kh?e th? ch?t, tinh th?n minh m?n và h?n ch? các hành vi phá phách. Hu?n luy?n nên s? d?ng ph??ng pháp tích c?c, kiên nh?n ?? phát huy trí thông minh và b?n tính hi?n lành c?a chúng.  
  
B? lông dài, m??t c?a Cocker Spaniel c?n ch?i ít nh?t 2 – 3 l?n/tu?n ?? tránh r?i và lông r?ng, ??ng th?i t?m ??nh k? ?? gi? lông s?ch s?. V? sinh tai, r?ng mi?ng và c?t móng ??u ??n c?ng r?t c?n thi?t vì gi?ng chó này d? m?c các v?n ?? v? tai do lông che ph?.  
  
Ch? ?? dinh d??ng nên giàu protein ch?t l??ng cao t? th?t n?c, cá, tr?ng, k?t h?p rau c? qu? và tinh b?t nguyên h?t. Kh?u ph?n ?n nên cân ??i và chia ??u trong ngày, h?n ch? th?c ?n nhi?u d?u m? ho?c ?? ?n th?a t? con ng??i.  
  
V? s?c kh?e, Cocker Spaniel có th? g?p các v?n ?? v? tai, m?t, tim m?ch và béo phì. Khám thú y ??nh k?, ch?m sóc lông, tai và v?n ??ng h?p lý s? giúp chúng s?ng kh?e m?nh, vui v? và h?nh phúc bên gia ?ình."	35 – 65 tri?u VN?	15 – 30 tri?u VN?	2000 – 5000 USD	4	4	4	2	small	0.787708386
69	Dog	sussex_spaniel	11 n?m – 13 n?m	16 – 20 kg	33 – 38 cm	55 – 65 cm	"Sussex Spaniel là gi?ng chó s?n xu?t x? t? Anh, n?i b?t v?i thân hình ch?c n?ch, th?p nh?ng c? b?p, b? lông dài, m??t và th??ng có màu vàng nâu ho?c ??. Chúng hi?n lành, trung thành, d? g?n và r?t g?n bó v?i gia ?ình. ?ây là gi?ng chó s?n ch?m rãi nh?ng b?n b?, thích các ho?t ??ng ngoài tr?i nh? ?i d?o dài, ch?y nh? nhàng và s?n m?i ? ??a hình th?p.  
  
Gi?ng chó này c?n v?n ??ng h?ng ngày b?ng các bu?i ?i d?o dài, ch?y nh?y nh? nhàng ho?c trò ch?i t??ng tác ngoài tr?i. Vi?c v?n ??ng ??u ??n giúp Sussex Spaniel duy trì s?c kh?e th? ch?t, tinh th?n minh m?n và h?n ch? các hành vi phá phách. Hu?n luy?n nên nh? nhàng, kiên nh?n và s? d?ng ph??ng pháp tích c?c ?? khích l? s? h?p tác và trí thông minh c?a chúng.  
  
B? lông dài, m??t c?a Sussex Spaniel c?n ???c ch?i 2 – 3 l?n/tu?n ?? lo?i b? lông r?ng, tránh r?i và gi? lông s?ch s?. T?m ??nh k?, v? sinh tai, r?ng và c?t móng ??u ??n giúp duy trì s?c kh?e t?ng th?. Ki?m tra vùng quanh m?t, tai và bàn chân giúp chó luôn g?n gàng và tho?i mái.  
  
Ch? ?? dinh d??ng nên giàu protein ch?t l??ng cao t? th?t n?c, cá, tr?ng, k?t h?p rau c? qu? và tinh b?t nguyên h?t. Kh?u ph?n ?n nên cân ??i, chia ??u trong ngày và h?n ch? th?c ?n d?u m? ho?c ?? ?n th?a t? con ng??i.  
  
V? s?c kh?e, Sussex Spaniel có th? g?p m?t s? v?n ?? v? x??ng kh?p, tim m?ch, béo phì và b?nh m?t. Khám thú y ??nh k?, ch?m sóc lông và v?n ??ng h?p lý s? giúp chúng s?ng kh?e m?nh, ?i?m ??m và h?nh phúc bên gia ?ình."	40 – 70 tri?u VN?	20 – 35 tri?u VN?	2500 – 5000 USD	5	4	4	1	medium	0.862959802
70	Dog	irish_water_spaniel	10 n?m – 12 n?m	20 – 30 kg	53 – 61 cm	75 – 90 cm	"Irish Water Spaniel là gi?ng chó s?n n??c xu?t x? t? Ireland, n?i b?t v?i b? lông xo?n ??c tr?ng, dày và không th?m n??c, thân hình cao l?n, c? b?p s?n ch?c và ?uôi dài hình cây ??a. Chúng thông minh, n?ng ??ng, trung thành và ??c bi?t thích h?p cho các ho?t ??ng ngoài tr?i liên quan ??n n??c nh? b?i l?i ho?c s?n chim n??c. ?ây là gi?ng chó ham h?c h?i, nhanh nh?n và thích v?n ??ng liên t?c.  
  
Gi?ng chó này c?n v?n ??ng h?ng ngày b?ng các bu?i ?i d?o dài, ch?y nh?y, b?i l?i ho?c các trò ch?i t??ng tác ngoài tr?i. Vi?c v?n ??ng ??u ??n giúp Irish Water Spaniel duy trì s?c kh?e th? ch?t, tinh th?n minh m?n và h?n ch? các hành vi phá phách. Hu?n luy?n nên nh?t quán, nh? nhàng và s? d?ng ph??ng pháp tích c?c ?? phát huy trí thông minh và b?n n?ng s?n m?i c?a chúng.  
  
B? lông xo?n ??c tr?ng c?a Irish Water Spaniel c?n ???c ch?i 2 – 3 l?n/tu?n ?? lo?i b? lông r?ng, tránh r?i và gi? lông s?ch s?. T?m ??nh k?, v? sinh tai, r?ng và c?t móng ??u ??n là ?i?u c?n thi?t, ??c bi?t l?u ý vùng quanh tai ?? tránh nhi?m trùng do lông dày và ?m ??t.  
  
Ch? ?? dinh d??ng nên giàu protein ch?t l??ng cao t? th?t n?c, cá, tr?ng, k?t h?p rau c? qu? và tinh b?t nguyên h?t. Vì là gi?ng chó n?ng ??ng và c? b?p, kh?u ph?n ?n nên cân ??i, chia ??u trong ngày và h?n ch? th?c ?n nhi?u d?u m? ho?c ?? ?n th?a t? con ng??i.  
  
V? s?c kh?e, Irish Water Spaniel có th? g?p m?t s? v?n ?? v? m?t, x??ng kh?p và da do b? lông ??c tr?ng. Khám thú y ??nh k?, ch?m sóc lông và v?n ??ng h?p lý s? giúp chúng s?ng kh?e m?nh, n?ng ??ng và h?nh phúc bên gia ?ình."	45 – 75 tri?u VN?	25 – 40 tri?u VN?	3000 – 6000 USD	5	4	3	1	large	1.245971059
71	Dog	kuvasz	10 n?m – 12 n?m	35 – 52 kg	66 – 76 cm	90 – 105 cm	"Cách ch?m sóc:  
Kuvasz là gi?ng chó ch?n gia súc c? x?a ??n t? Hungary, n?i b?t v?i thân hình to l?n, kh?e m?nh, b? lông dày tr?ng mu?t, và b?n tính d?ng c?m, trung thành. Chúng t?ng ???c s? d?ng ?? b?o v? gia súc kh?i thú s?n m?i l?n, nên có tính c?nh giác, can ??m và kh? n?ng b?o v? b?m sinh. Kuvasz g?n bó, yêu th??ng gia ?ình nh?ng th??ng dè ch?ng ng??i l?, thích h?p làm chó b?o v? và b?n ??ng hành trung thành.  
  
V?n ??ng:  
Kuvasz là gi?ng chó làm vi?c nên c?n ???c v?n ??ng h?ng ngày v?i các bu?i ?i b? dài, ch?y nh?y trong sân v??n r?ng, ho?c tham gia các trò ch?i v?n ??ng. Vi?c t?p luy?n th??ng xuyên giúp chúng tránh béo phì, duy trì s?c kh?e x??ng kh?p và tinh th?n ?n ??nh. N?u b? nh?t ho?c ít v?n ??ng, Kuvasz d? tr? nên bu?n chán, d?n ??n các hành vi phá phách.  
  
Hu?n luy?n:  
Gi?ng chó này thông minh nh?ng có tính ??c l?p cao, nên hu?n luy?n c?n kiên nh?n, nh?t quán và s? d?ng ph??ng pháp tích c?c. Ch? nuôi c?n th? hi?n vai trò “th? l?nh” v?ng vàng, n?u không Kuvasz có th? tr? nên b??ng b?nh và khó ki?m soát. Xã h?i hóa s?m (ti?p xúc v?i ng??i, ??ng v?t, môi tr??ng khác nhau) là r?t quan tr?ng ?? chúng cân b?ng tính cách.  
  
Ch?m sóc lông:  
B? lông tr?ng, dày và h?i xo?n g?n sóng c?a Kuvasz c?n ???c ch?i 2 – 3 l?n/tu?n ?? lo?i b? b?i b?n và lông r?ng, tránh r?i. Dù lông dày nh?ng ít mùi, ch? c?n t?m khi th?c s? b?n. C?n chú ý v? sinh tai, m?t, r?ng và c?t móng th??ng xuyên ?? phòng b?nh.  
  
Ch? ?? dinh d??ng:  
Vì Kuvasz là gi?ng chó l?n và ho?t ??ng nhi?u, kh?u ph?n ?n nên giàu protein ch?t l??ng cao (th?t n?c, cá, tr?ng) k?t h?p cùng rau c? qu?, tinh b?t nguyên h?t. Kh?u ph?n nên ???c chia ??u, tránh cho ?n quá nhi?u trong m?t l?n ?? gi?m nguy c? xo?n d? dày – b?nh th??ng g?p ? chó ng?c sâu. H?n ch? th?c ?n nhi?u m?, ?? ?n th?a ho?c x??ng s?c nh?n.  
  
S?c kh?e:  
Kuvasz th??ng có s?c kh?e t?t, nh?ng có th? g?p m?t s? b?nh di truy?n ? chó l?n nh?: lo?n s?n hông, lo?n s?n khu?u tay, b?nh xo?n d? dày, b?nh v? m?t (??c th?y tinh th?, teo võng m?c ti?n tri?n). Khám thú y ??nh k?, ch? ?? ?n u?ng h?p lý và v?n ??ng ??u ??n s? giúp chúng duy trì tu?i th? và ch?t l??ng cu?c s?ng cao"	40 – 65 tri?u VN?	20 – 35 tri?u VN?	2500 – 5000 USD	4	4	3	4	large	1.773580967
72	Dog	schipperke	13 n?m – 16 n?m	5 – 7 kg	25 – 33 cm	30 – 38 cm	"Schipperke là gi?ng chó nh? ??n t? B?, n?i b?t v?i b? lông ?en dày, dáng vóc ch?c ch?n, khuôn m?t tinh anh và ???c m?nh danh là “ti?u sói” do ngo?i hình gi?ng chó sói thu nh?. Ban ??u, chúng ???c nuôi trên thuy?n ?? b?t chu?t và c?nh gi?i, sau này tr? thành b?n ??ng hành trung thành, lanh l?i và tràn ??y n?ng l??ng.  
  
Tính cách:  
Schipperke thông minh, tò mò, gan d? và có ph?n b??ng b?nh. Chúng c?c k? trung thành v?i gia ?ình nh?ng th??ng c?nh giác v?i ng??i l?, là gi?ng chó gi? nhà t?t. Do có b?n tính s?n m?i nh?, chúng có th? ?u?i theo mèo, chim ho?c g?m nh?m, nên c?n giám sát khi ra ngoài.  
  
V?n ??ng:  
Dù nh? bé nh?ng Schipperke có n?ng l??ng cao và c?n ???c v?n ??ng h?ng ngày: ?i b?, ch?y nh?y, ch?i ?ùa ho?c tham gia các trò ch?i trí tu?. N?u b? b? m?c quá lâu, chúng d? sinh bu?n chán và phá phách. Nhà có sân v??n an toàn s? r?t phù h?p v?i gi?ng chó này.  
  
Hu?n luy?n:  
Schipperke nhanh nh?n, h?c nhanh nh?ng ?ôi khi c?ng ??u, nên c?n hu?n luy?n kiên nh?n, nh?t quán và dùng ph??ng pháp tích c?c (th??ng – khích l?). Chúng thích ???c th? thách b?ng các trò ch?i thông minh, agility ho?c obedience. Xã h?i hóa s?m c?ng quan tr?ng ?? tránh quá c?nh giác ho?c s?a nhi?u.  
  
Ch?m sóc lông:  
B? lông ?en tuy?n, dày và h?i dài ? c? – ng?c c?n ???c ch?i 1 – 2 l?n/tu?n ?? lo?i b? lông r?ng và gi? bóng m??t. Chúng r?ng lông theo mùa, lúc ?ó c?n ch?i th??ng xuyên h?n. Vi?c t?m không c?n quá nhi?u, ch? khi lông b?n. C?n v? sinh tai, r?ng, c?t móng ??nh k? ?? phòng b?nh.  
  
Ch? ?? dinh d??ng:  
Nên cho ?n kh?u ph?n giàu protein n?c (th?t gà, cá, bò), k?t h?p rau c? qu? và tinh b?t nguyên h?t. Do kích th??c nh? nh?ng n?ng l??ng cao, Schipperke c?n kh?u ph?n cân ??i, tránh cho ?n quá nhi?u vì d? b? béo phì. H?n ch? ?? ?n th?a, ?? ng?t ho?c th?c ?n nhi?u d?u m?.  
  
S?c kh?e:  
Schipperke nhìn chung kh?e m?nh, tu?i th? cao, nh?ng có th? g?p m?t s? v?n ?? nh?: b?nh v? m?t (??c th?y tinh th?, teo võng m?c ti?n tri?n), lo?n s?n x??ng bánh chè (patella luxation), b?nh tuy?n giáp, béo phì. Khám thú y ??nh k?, duy trì cân n?ng h?p lý và ch? ?? v?n ??ng ??y ?? s? giúp chúng s?ng lâu và kh?e m?nh."	30 – 50 tri?u VN?	15 – 25 tri?u VN?	2000 – 4000 USD	4	4	3	4	small	0.464740314
73	Dog	groenendael	12 n?m – 14 n?m	20 – 30 kg	56 – 66 cm	75 – 90 cm	"Groenendael là m?t trong b?n dòng chó Béc-giê B? (Belgian Shepherd), có ngu?n g?c t? B?, n?i b?t v?i b? lông ?en dài óng m??t, thân hình cân ??i, d?o dai và ánh m?t thông minh. ?ây là gi?ng chó c?c k? trung thành, thông minh, d?ng c?m, th??ng ???c s? d?ng trong công tác an ninh, c?nh sát, quân ??i c?ng nh? làm chó b?o v? và ??ng hành.  
  
Tính cách:  
Groenendael r?t g?n bó v?i gia ?ình, lanh l?i, c?nh giác và có kh? n?ng b?o v? t?t. Chúng thông minh, ham h?c h?i và d? hu?n luy?n, nh?ng ?ôi khi h?i nh?y c?m và c?n ???c xã h?i hóa s?m ?? cân b?ng tính cách.  
  
V?n ??ng:  
Gi?ng chó này có n?ng l??ng r?t cao, c?n v?n ??ng hàng ngày b?ng các bu?i ?i b? dài, ch?y b?, ch?i b?t bóng ho?c tham gia các môn th? thao chó nh? agility, obedience, herding. N?u không ???c v?n ??ng ??, Groenendael d? tr? nên b?n ch?n, stress và có hành vi phá phách.  
  
Hu?n luy?n:  
Groenendael ti?p thu nhanh, thông minh và làm vi?c r?t t?t khi có s? h??ng d?n rõ ràng. Hu?n luy?n nên kiên nh?n, tích c?c và có tính k? lu?t cao. Chúng thích h?p làm chó nghi?p v?, chó b?o v?, ho?c chó gia ?ình cho nh?ng ng??i n?ng ??ng và có kinh nghi?m nuôi chó l?n.  
  
Ch?m sóc lông:  
B? lông dài, dày và ?en tuy?n c?a Groenendael c?n ch?i 2 – 3 l?n/tu?n ?? lo?i b? lông r?ng và gi? v? bóng m??t. Khi vào mùa r?ng lông, nên ch?i th??ng xuyên h?n. T?m ??nh k?, v? sinh tai – m?t – r?ng và c?t móng ??u ??n c?ng r?t quan tr?ng.  
  
Ch? ?? dinh d??ng:  
Do Groenendael là gi?ng chó l?n và n?ng ??ng, kh?u ph?n ?n c?n giàu protein ch?t l??ng cao (th?t n?c, cá, tr?ng), k?t h?p tinh b?t nguyên h?t, rau c? và ch?t béo t?t. Nên chia kh?u ph?n h?p lý, tránh cho ?n quá nhi?u m?t l?n ?? gi?m nguy c? xo?n d? dày.  
  
S?c kh?e:  
Groenendael nhìn chung kh?e m?nh, nh?ng có th? m?c m?t s? b?nh di truy?n th??ng g?p ? chó l?n nh?: lo?n s?n hông, lo?n s?n khu?u, ??ng kinh, teo võng m?c ti?n tri?n (PRA), ??c th?y tinh th?. Khám thú y ??nh k?, ch? ?? ?n u?ng – v?n ??ng cân ??i s? giúp chúng duy trì s?c kh?e lâu dài."	40 – 70 tri?u VN?	20 – 35 tri?u VN?	2500 – 5000 USD	4	3	4	4	large	1.272568067
74	Dog	malinois	12 n?m – 14 n?m	20 – 30 kg	56 – 66 cm	75 – 90 cm	"Malinois là m?t trong b?n dòng chó Béc-giê B? (Belgian Shepherd), có ngu?n g?c t? vùng Malines (B?). Chúng n?i b?t v?i vóc dáng cân ??i, c? b?p s?n ch?c, b? lông ng?n màu vàng nâu (fawn) kèm m?t n? ?en. ?ây là gi?ng chó c?c k? thông minh, nhanh nh?n, trung thành và d?ng c?m, th??ng ???c dùng trong c?nh sát, quân ??i, tìm ki?m – c?u h? và th? thao chó nghi?p v?.  
  
Tính cách:  
Malinois g?n bó, trung thành, c?nh giác và r?t b?o v? gia ?ình. Chúng có n?ng l??ng d?i dào, luôn t?nh táo và thích ???c làm vi?c. Vì b?n n?ng b?o v? m?nh, chúng c?n ???c xã h?i hóa s?m ?? tránh quá c?nh giác ho?c hung h?ng v?i ng??i l?.  
  
V?n ??ng:  
?ây là m?t trong nh?ng gi?ng chó n?ng l??ng cao nh?t, c?n ít nh?t 1 – 2 gi? v?n ??ng n?ng m?i ngày: ch?y b?, b?t bóng, t?p agility, obedience ho?c IPO/Schutzhund. N?u không ???c v?n ??ng ??, Malinois d? tr? nên stress, b?n ch?n và phá phách.  
  
Hu?n luy?n:  
Malinois r?t thông minh, ti?p thu c?c nhanh nh?ng c?ng ?òi h?i ng??i hu?n luy?n ph?i kiên nh?n, k? lu?t và có kinh nghi?m. Chúng phát tri?n t?t nh?t khi ???c hu?n luy?n chuyên sâu, có công vi?c rõ ràng ?? làm. V?i gia ?ình n?ng ??ng, Malinois là b?n ??ng hành tuy?t v?i, nh?ng không phù h?p v?i ng??i m?i nuôi chó ho?c ít th?i gian.  
  
Ch?m sóc lông:  
B? lông ng?n, dày và d? ch?m, ch? c?n ch?i 1 l?n/tu?n ?? lo?i b? lông r?ng. Vào mùa thay lông, nên ch?i th??ng xuyên h?n. T?m ??nh k?, v? sinh tai, r?ng và c?t móng ??u ??n. Vì lông ng?n nên Malinois ít bám mùi và d? gi? s?ch.  
  
Ch? ?? dinh d??ng:  
Kh?u ph?n ?n c?n giàu protein ch?t l??ng cao (th?t gà, bò, cá, tr?ng) ?? duy trì c? b?p s?n ch?c, k?t h?p tinh b?t nguyên h?t và rau c? qu?. Chia b?a h?p lý, tránh cho ?n quá nhi?u m?t l?n ?? gi?m nguy c? xo?n d? dày – v?n ?? th??ng g?p ? chó ng?c sâu.  
  
S?c kh?e:  
Malinois th??ng kh?e m?nh, nh?ng có th? g?p m?t s? b?nh di truy?n nh?: lo?n s?n hông, lo?n s?n khu?u, teo võng m?c ti?n tri?n (PRA), ??ng kinh, b?nh v? tuy?n giáp. Khám thú y ??nh k?, v?n ??ng h?p lý và ch? ?? ?n cân b?ng giúp chúng duy trì th? tr?ng t?t và tu?i th? cao."	40 – 70 tri?u VN?	18 – 30 tri?u VN?	2000 – 5000 USD	4	3	3	4	large	1.272568067
75	Dog	briard	10 n?m – 12 n?m	30 – 41 kg	56 – 69 cm	85 – 100 cm	"Briard là gi?ng chó ch?n c?u c? x?a c?a Pháp, n?i b?t v?i b? lông dài, dày và g?n sóng, che g?n h?t khuôn m?t, ?ôi tai r? ??c tr?ng và dáng vóc to kh?e. Chúng ???c m?nh danh là “trái tim ???c bao ph? b?i lông” vì tính cách v?a d?ng c?m trong công vi?c, v?a d?u dàng, tình c?m v?i gia ?ình.  
  
Tính cách:  
Briard trung thành, thông minh, tình c?m và r?t g?n bó v?i ch?. Chúng c?nh giác v?i ng??i l?, có b?n n?ng b?o v? và ch?n d?t m?nh m?, thích h?p làm chó gi? nhà, b?o v? ho?c ??ng hành cho gia ?ình có không gian r?ng. V?i tr? em, Briard th??ng hi?n lành và b?o v?, nh?ng c?n ???c xã h?i hóa t? s?m.  
  
V?n ??ng:  
Là gi?ng chó làm vi?c, Briard c?n ???c v?n ??ng h?ng ngày: ?i b? dài, ch?y nh?y, ch?i b?t bóng ho?c tham gia các ho?t ??ng ngoài tr?i. N?u không v?n ??ng ??, chúng có th? tr? nên b?n ch?n và phá phách. Gia ?ình n?ng ??ng, có sân v??n r?ng s? phù h?p h?n là c?n h? nh?.  
  
Hu?n luy?n:  
Briard thông minh, h?c nhanh nh?ng có th? b??ng b?nh. Hu?n luy?n nên kiên nh?n, nh?t quán và dùng ph??ng pháp tích c?c. Xã h?i hóa s?m giúp chúng cân b?ng tính cách, tránh quá c?nh giác ho?c b?o v? thái quá. Chúng thích h?p v?i ng??i có kinh nghi?m nuôi chó l?n.  
  
Ch?m sóc lông:  
B? lông dài và dày c?a Briard c?n ch?i ít nh?t 2 – 3 l?n/tu?n ?? tránh r?i và lo?i b? b?i b?n. Khi vào mùa r?ng lông, c?n ch?m sóc k? h?n. Vi?c t?m ??nh k?, v? sinh tai (d? ?m do tai r?), r?ng và c?t móng ??u ??n là c?n thi?t.  
  
Ch? ?? dinh d??ng:  
Kh?u ph?n ?n c?n giàu protein ch?t l??ng cao (th?t n?c, cá, tr?ng) ?? duy trì c? b?p, k?t h?p rau c? và tinh b?t nguyên h?t. Do Briard là gi?ng chó to l?n, nên chia b?a h?p lý, tránh ?n quá nhi?u m?t l?n ?? gi?m nguy c? xo?n d? dày.  
  
S?c kh?e:  
Briard có th? g?p m?t s? b?nh di truy?n nh?: lo?n s?n hông, b?nh m?t (??c th?y tinh th?, teo võng m?c ti?n tri?n), b?nh tuy?n giáp, b?nh xo?n d? dày. Khám thú y ??nh k?, duy trì v?n ??ng và ch? ?? dinh d??ng khoa h?c s? giúp chúng s?ng kh?e m?nh."	40 – 65 tri?u VN?	18 – 30 tri?u VN?	2500 – 4500 USD	4	4	4	4	large	1.535844604
76	Dog	kelpie	12 n?m – 15 n?m	14 – 21 kg	43 – 51 cm	60 – 70 cm	"Australian Kelpie là gi?ng chó ch?n gia súc n?i ti?ng c?a Úc, ???c bi?t ??n v?i s? b?n b?, nhanh nh?n, thông minh và kh? n?ng làm vi?c không m?t m?i. Chúng th??ng ???c s? d?ng ?? ch?n d?t c?u và gia súc trên nh?ng cánh ??ng r?ng l?n, n?i b?t v?i thân hình g?n gàng, c? b?p s?n ch?c, ?ôi tai d?ng và ánh m?t tinh anh.  
  
Tính cách:  
Kelpie c?c k? thông minh, ham vi?c, trung thành và giàu n?ng l??ng. Chúng có b?n n?ng ch?n d?t m?nh, thích làm vi?c và luôn tìm ki?m s? t??ng tác. Kelpie g?n bó v?i gia ?ình, thân thi?n nh?ng có th? dè ch?ng ng??i l?. ?ây là gi?ng chó lý t??ng cho nh?ng ai n?ng ??ng ho?c có nhu c?u s? d?ng chó làm vi?c.  
  
V?n ??ng:  
?ây là m?t trong nh?ng gi?ng chó có n?ng l??ng cao, c?n ít nh?t 1 – 2 gi? v?n ??ng m?nh m?i ngày: ch?y b?, b?t bóng, agility, obedience ho?c các ho?t ??ng ngoài tr?i khác. N?u không v?n ??ng ??, Kelpie d? b? stress, chán ch??ng và phá phách.  
  
Hu?n luy?n:  
Kelpie h?c r?t nhanh, nh?y bén và thích làm vi?c, nh?ng c?ng ?òi h?i ch? nuôi kiên nh?n, nh?t quán. Hu?n luy?n nên s? d?ng ph??ng pháp tích c?c, k?t h?p c? bài t?p trí tu? và th? ch?t ?? phát huy t?i ?a kh? n?ng. Xã h?i hóa t? s?m giúp Kelpie cân b?ng tính cách và d? thích nghi v?i môi tr??ng ?ô th? h?n.  
  
Ch?m sóc lông:  
B? lông ng?n, dày và ch?ng ch?u th?i ti?t t?t, r?t d? ch?m sóc. Ch? c?n ch?i 1 l?n/tu?n ?? lo?i b? lông r?ng và b?i b?n. Vào mùa r?ng lông, nên ch?i th??ng xuyên h?n. Vi?c t?m ??nh k?, v? sinh tai, r?ng và c?t móng ??u quan tr?ng ?? gi? s?c kh?e.  
  
Ch? ?? dinh d??ng:  
Kelpie c?n kh?u ph?n giàu protein ?? duy trì n?ng l??ng và c? b?p: th?t n?c, cá, tr?ng, k?t h?p rau c? qu? và tinh b?t nguyên h?t. Nên chia kh?u ph?n h?p lý, tránh cho ?n quá nhi?u th?c ?n d?u m? ho?c ?? ?n th?a t? con ng??i.  
  
S?c kh?e:  
Australian Kelpie nhìn chung kh?e m?nh, nh?ng có th? g?p m?t s? b?nh di truy?n nh?: lo?n s?n hông, b?nh m?t di truy?n (PRA, ??c th?y tinh th?), thoái hóa võng m?c. Khám thú y ??nh k?, ch? ?? ?n khoa h?c và v?n ??ng ??y ?? giúp chúng duy trì tu?i th? và th? tr?ng t?t."	30 – 55 tri?u VN?	15 – 25 tri?u VN?	2000 – 4000 USD	5	3	3	2	medium	0.951984164
77	Dog	komondor	10 n?m – 12 n?m	40 – 60 kg	65 – 80 cm	95 – 110 cm	"Komondor là gi?ng chó ch?n gia súc kh?ng l? ??n t? Hungary, n?i b?t v?i b? lông tr?ng dài xo?n thành t?ng dây nh? s?i th?ng – giúp chúng ng?y trang gi?a ?àn c?u và b?o v? hi?u qu? tr??c thú s?n m?i. Chúng có thân hình to l?n, c? b?p m?nh m?, tính cách ??c l?p, trung thành và can ??m. Komondor th??ng ???c g?i là “v? s? khoác áo len” nh? kh? n?ng b?o v? b?m sinh.  
  
Tính cách:  
Komondor d?ng c?m, ?i?m t?nh, trung thành và b?o v? r?t t?t. Chúng yêu th??ng gia ?ình nh?ng th??ng dè ch?ng v?i ng??i l?. Vì có b?n n?ng b?o v? m?nh m?, chúng c?n xã h?i hóa t? nh? ?? cân b?ng tính cách, tránh quá c?nh giác ho?c hung h?ng.  
  
V?n ??ng:  
Dù to l?n, Komondor c?n v?n ??ng h?ng ngày ?? duy trì s?c kh?e và s? linh ho?t: ?i b? dài, ch?y nh?y trong sân r?ng, các trò ch?i v?n ??ng nh?. Không c?n quá n?ng ??ng nh? các gi?ng chó ch?n khác, nh?ng v?n c?n ho?t ??ng ??u ??n ?? tránh béo phì và c?ng kh?p.  
  
Hu?n luy?n:  
Komondor thông minh nh?ng có tính ??c l?p cao, nên hu?n luy?n c?n kiên nh?n, nh?t quán và b?t ??u t? s?m. Ch? nuôi ph?i th? hi?n s? lãnh ??o rõ ràng, n?u không chó có th? tr? nên b??ng b?nh, khó ki?m soát. ?ây là gi?ng chó không phù h?p cho ng??i m?i nuôi.  
  
Ch?m sóc lông:  
?i?m ??c bi?t nh?t c?a Komondor là b? lông xo?n thành dây th?ng dày và n?ng. B? lông này không c?n ch?i, nh?ng c?n ???c chia, tách lông th??ng xuyên ?? tránh dính b?t ho?c ?m m?c. T?m r?a m?t nhi?u th?i gian vì lông dày lâu khô (có th? m?t vài ngày). V? sinh tai, r?ng và c?t móng ??nh k? c?ng quan tr?ng ?? phòng b?nh.  
  
Ch? ?? dinh d??ng:  
Do kích th??c l?n, Komondor c?n ch? ?? ?n giàu protein ch?t l??ng cao (th?t n?c, cá, tr?ng) ?? duy trì c? b?p, k?t h?p tinh b?t nguyên h?t và rau c? qu?. Nên chia b?a h?p lý, tránh cho ?n quá nhi?u trong m?t l?n ?? gi?m nguy c? xo?n d? dày – b?nh th??ng g?p ? chó ng?c sâu.  
  
S?c kh?e:  
Komondor th??ng kh?e m?nh, nh?ng có th? g?p m?t s? b?nh nh?: lo?n s?n hông, lo?n s?n khu?u, xo?n d? dày, b?nh da do lông dày ?m. Khám thú y ??nh k?, ch? ?? v?n ??ng h?p lý và ch?m sóc lông ?úng cách là chìa khóa ?? gi? Komondor kh?e m?nh."	45 – 75 tri?u VN?	25 – 40 tri?u VN?	3000 – 6000 USD	4	4	3	4	large	1.93500908
78	Dog	old_english_sheepdog	10 n?m – 12 n?m	30 – 45 kg	56 – 61 cm	85 – 100 cm	"Old English Sheepdog (OES) là gi?ng chó ch?n c?u có ngu?n g?c t? Anh, n?i ti?ng v?i b? lông dài xù, dày và b?ng b?nh nh? “bông gòn”. Chúng th??ng ???c nh?n di?n qua dáng ?i l?c l? ??c tr?ng và tính cách hi?n lành, thân thi?n.  
  
Tính cách:  
OES thông minh, vui v?, hòa ??ng và c?c k? g?n bó v?i gia ?ình. Chúng hi?n lành v?i tr? em, thân thi?n v?i các loài v?t khác và th??ng ???c g?i là “chú h? d?u dàng” vì tính cách vui nh?n. Tuy nhiên, ?ôi khi có th? h?i b??ng b?nh, c?n hu?n luy?n kiên nh?n.  
  
V?n ??ng:  
OES có ngu?n g?c là chó lao ??ng, nên c?n v?n ??ng h?ng ngày: ?i d?o dài, ch?i ném bóng, ch?y t? do trong sân v??n. N?u không v?n ??ng ??, chúng d? t?ng cân và tr? nên l??i bi?ng.  
  
Hu?n luy?n:  
Thông minh và nhanh nh?y, nh?ng ?ôi lúc b??ng b?nh. C?n hu?n luy?n t? nh? b?ng ph??ng pháp tích c?c, khuy?n khích b?ng th?c ?n và l?i khen. Ngoài ra, nên cho xã h?i hóa s?m ?? tránh quá c?nh giác v?i ng??i l?.  
  
Ch?m sóc lông:  
?i?m ??c tr?ng c?a OES là b? lông dài, dày, d? r?i. C?n ch?i ít nh?t 2–3 l?n/tu?n, n?u không s? b? r?i và dính b?n. Khi ??n mùa thay lông, vi?c ch?m sóc càng m?t th?i gian h?n. Nhi?u ch? ch?n c?t lông ng?n (ki?u “puppy cut”) ?? d? ch?m sóc h?n. T?m r?a ??nh k?, v? sinh tai và r?ng c?ng r?t quan tr?ng.  
  
Ch? ?? dinh d??ng:  
C?n kh?u ph?n giàu protein ch?t l??ng cao (th?t, cá, tr?ng) ?? duy trì c? b?p và n?ng l??ng. B? sung rau c? qu? ?? h? tr? tiêu hóa. Do gi?ng này d? béo phì, c?n ki?m soát kh?u ph?n, tránh ?n quá nhi?u tinh b?t.  
  
S?c kh?e:  
M?t s? v?n ?? s?c kh?e th??ng g?p: lo?n s?n hông, lo?n s?n khu?u, b?nh m?t (??c th?y tinh th?, teo võng m?c), béo phì. Khám thú y ??nh k?, ch? ?? ?n h?p lý và v?n ??ng ??y ?? giúp duy trì tu?i th?."	35 – 55 tri?u VN?	18 – 30 tri?u VN?	2000 – 4000 USD	3	3	4	4	large	1.548932245
79	Dog	shetland_sheepdog	12 n?m – 14 n?m	6 – 12 kg	33 – 41 cm	45 – 55 cm	"Shetland Sheepdog, th??ng g?i là Sheltie, có ngu?n g?c t? qu?n ??o Shetland (Scotland). Chúng là gi?ng chó ch?n c?u kích th??c trung bình – nh?, ngo?i hình gi?ng Collie thu nh?, v?i b? lông dài m??t mà và tính cách thông minh, thân thi?n.  
  
Tính cách:  
Sheltie r?t thông minh, trung thành và tình c?m, n?i ti?ng là m?t trong nh?ng gi?ng chó d? hu?n luy?n nh?t th? gi?i (top ??u trong b?ng x?p h?ng trí thông minh c?a Stanley Coren). Chúng yêu th??ng ch?, s?ng tình c?m, th??ng bám sát gia ?ình. Tuy nhiên, có xu h??ng c?nh giác và s?a khi th?y ng??i l?, nên c?ng có kh? n?ng canh gác.  
  
V?n ??ng:  
Sheltie tuy nh? nh?ng là gi?ng chó làm vi?c, nên c?n v?n ??ng h?ng ngày: ?i b? dài, ch?i trò ném bóng, hu?n luy?n agility ho?c obedience. N?u không v?n ??ng ??, chúng d? stress và hay s?a nhi?u.  
  
Hu?n luy?n:  
Vô cùng thông minh, h?c nhanh, thích làm hài lòng ch?. Hu?n luy?n Sheltie t??ng ??i d?, nh?ng c?n kiên nh?n và dùng ph??ng pháp tích c?c. Xã h?i hóa s?m ?? gi?m b?t s? nhút nhát ho?c c?nh giác quá m?c.  
  
Ch?m sóc lông:  
B? lông dài, dày 2 l?p (lông ph? ngoài dài và th?ng, lông lót m?m và dày) c?n ch?i 2–3 l?n/tu?n ?? tránh r?i và r?ng nhi?u. Vào mùa thay lông, vi?c ch?m sóc c?n k? h?n. T?m r?a, v? sinh tai – r?ng – móng ??nh k? ?? gi? s?c kh?e t?ng th?.  
  
Ch? ?? dinh d??ng:  
Kh?u ph?n ?n giàu protein n?c (th?t gà, cá, bò), b? sung rau c? qu? và tinh b?t nguyên h?t. C?n ki?m soát kh?u ph?n ?? tránh th?a cân, vì Sheltie d? b? béo phì n?u ít v?n ??ng.  
  
S?c kh?e:  
M?t s? b?nh th??ng g?p: b?nh m?t di truy?n (Collie Eye Anomaly – CEA), lo?n s?n x??ng hông, b?nh tuy?n giáp, ??ng kinh nh?. Khám thú y ??nh k?, duy trì cân n?ng h?p lý s? giúp Sheltie kh?e m?nh và s?ng th?."	30 – 50 tri?u VN?	15 – 25 tri?u VN?	2000 – 3500 USD	3	3	4	4	small	0.649394507
80	Dog	collie	12 n?m – 14 n?m	18 – 34 kg	51 – 66 cm	80 – 95 cm	"Collie, ??c bi?t là Rough Collie, n?i ti?ng toàn c?u nh? b? phim và ti?u thuy?t “Lassie”. ?ây là gi?ng chó ch?n c?u có ngu?n g?c t? Scotland, v?i ngo?i hình thanh l?ch, b? lông dài m??t và g??ng m?t hi?n h?u.  
  
Tính cách:  
Collie c?c k? thông minh, trung thành, d?u dàng và tình c?m, r?t h?p v?i tr? nh?, th??ng ???c g?i là “ng??i b?o m?u” trung thành. Chúng hòa ??ng v?i gia ?ình, hi?n lành v?i thú nuôi khác, nh?ng v?n có b?n n?ng b?o v? nh? nhàng.  
  
V?n ??ng:  
Collie c?n v?n ??ng v?a ph?i m?i ngày: ?i b? dài, ch?i ?ùa, ho?c ch?y t? do trong sân v??n. Không ?òi h?i n?ng l??ng cao nh? Border Collie, nh?ng n?u b? nh?t lâu s? d? bu?n chán.  
  
Hu?n luy?n:  
Rough Collie h?c nhanh, d? hu?n luy?n và r?t thích làm hài lòng ch?. N?i ti?ng là gi?ng chó thông minh, chúng th??ng thành công trong các bài thi obedience, agility. Tuy nhiên, ?ôi khi có th? h?i nh?y c?m, nên hu?n luy?n b?ng ph??ng pháp nh? nhàng, tích c?c.  
  
Ch?m sóc lông:  
B? lông 2 l?p (ngoài dài m??t, trong dày và ?m) c?n ch?i 2–3 l?n/tu?n ?? tránh r?i và gi? s?ch s?. Vào mùa thay lông, vi?c ch?i c?n k? h?n. C?n v? sinh tai, r?ng, móng ??nh k?. V?i khí h?u nóng ?m (nh? ? Vi?t Nam), c?n c?t t?a lông g?n gàng và ?? chó ? n?i mát m?.  
  
Ch? ?? dinh d??ng:  
Kh?u ph?n ?n giàu protein và ch?t béo t?t t? th?t, cá, tr?ng, k?t h?p rau c? và tinh b?t nguyên h?t. Chia thành 2–3 b?a/ngày. Tránh ?? ?n nhi?u d?u m? ho?c th?c ?n th?a c?a ng??i.  
  
S?c kh?e:  
Collie nhìn chung kh?e m?nh, nh?ng có th? g?p m?t s? b?nh di truy?n:  
  
Collie Eye Anomaly (CEA – d? t?t m?t b?m sinh)  
  
Lo?n s?n hông  
  
??ng kinh nh?  
  
Nh?y c?m v?i m?t s? lo?i thu?c (MDR1 mutation)  
Khám thú y ??nh k? và duy trì ch? ?? ?n, v?n ??ng h?p lý s? giúp Collie s?ng th?, kh?e m?nh."	35 – 60 tri?u VN?	18 – 30 tri?u VN?	2500 – 4500 USD	4	3	4	2	large	1.298266388
81	Dog	border_collie	12 n?m – 15 n?m	14 – 22 kg	46 – 56 cm	65 – 75 cm	"Border Collie có ngu?n g?c t? vùng biên gi?i gi?a Scotland và Anh, ???c xem là gi?ng chó thông minh nh?t th? gi?i. ?ây là loài chó ch?n c?u n?i ti?ng nh? kh? n?ng làm vi?c không m?t m?i, ph?n ?ng nhanh nh?y và trí tu? v??t tr?i.  
  
Tính cách:  
Border Collie c?c k? thông minh, trung thành, n?ng ??ng và ham h?c h?i. Chúng g?n bó ch?t ch? v?i ch?, th??ng mu?n làm vi?c ho?c tham gia ho?t ??ng liên t?c. Tuy nhiên, chúng không quá phù h?p v?i gia ?ình b?n r?n ho?c ít v?n ??ng, vì d? chán n?n và xu?t hi?n hành vi phá phách.  
  
V?n ??ng:  
?ây là gi?ng chó n?ng l??ng c?c cao, c?n ít nh?t 2–3 gi? v?n ??ng m?i ngày: ch?y b?, ?i d?o dài, ch?i ném bóng, frisbee, b?i l?i ho?c các môn th? thao cho chó (agility, flyball, obedience). N?u không ?áp ?ng ???c nhu c?u v?n ??ng và tinh th?n, Border Collie s? stress và có th? tr? nên t?ng ??ng.  
  
Hu?n luy?n:  
V?i trí thông minh b?c nh?t, Border Collie h?c c?c nhanh, có th? n?m b?t hàng tr?m l?nh và nhi?m v? ph?c t?p. ?ây là lý do chúng th??ng xu?t hi?n trong các cu?c thi tài n?ng, ch?n c?u và th? thao chó. Hu?n luy?n c?n ?a d?ng, sáng t?o ?? tránh nhàm chán, và luôn s? d?ng ph??ng pháp tích c?c.  
  
Ch?m sóc lông:  
B? lông có 2 d?ng: lông ng?n (smooth coat) và lông dài (rough coat). Dù lo?i nào c?ng c?n ch?i 2–3 l?n/tu?n ?? lo?i b? lông r?ng, gi? s?ch s?. T?m r?a ??nh k?, v? sinh tai – r?ng – móng c?ng r?t c?n thi?t.  
  
Ch? ?? dinh d??ng:  
Do Border Collie ho?t ??ng nhi?u, kh?u ph?n ?n c?n giàu protein ch?t l??ng cao (th?t n?c, cá, tr?ng), b? sung tinh b?t nguyên h?t và rau c? ?? duy trì n?ng l??ng. Chia b?a h?p lý, tránh cho ?n quá nhi?u ch?t béo gây t?ng cân.  
  
S?c kh?e:  
M?t s? v?n ?? s?c kh?e th??ng g?p ? Border Collie:  
  
Lo?n s?n hông và khu?u  
  
B?nh ??ng kinh  
  
B?nh m?t di truy?n (Collie Eye Anomaly – CEA, Progressive Retinal Atrophy – PRA)  
  
Nh?y c?m v?i thu?c (MDR1 mutation)  
Chúng nhìn chung kh?e m?nh n?u ???c v?n ??ng và ch?m sóc ?úng cách."	25 – 45 tri?u VN?	12 – 20 tri?u VN?	2000 – 4000 USD	5	3	4	3	medium	1.01098146
82	Dog	bouvier_des_flandres	10 n?m – 12 n?m	27 – 40 kg	59 – 68 cm	85 – 100 cm	"Bouvier des Flandres có ngu?n g?c t? vùng Flandres (B? và Pháp), ban ??u ???c lai t?o ?? ch?n gia súc, kéo xe và làm vi?c n?ng. ?ây là gi?ng chó c? l?n, c? b?p v?m v?, b? lông dày, xù và khuôn m?t có râu ria ??c tr?ng, t?o v? ngoài m?nh m? nh?ng c?ng r?t ?i?m ??m.  
  
Tính cách:  
Bouvier des Flandres ?i?m t?nh, thông minh, d?ng c?m và trung thành tuy?t ??i. Chúng g?n bó v?i gia ?ình, b?o v? ch? nh?ng không quá hung h?ng. Tuy nhiên, gi?ng chó này có tính c?nh giác cao, th??ng ???c s? d?ng làm chó b?o v?, chó quân s? ho?c c?nh sát.  
  
V?n ??ng:  
Là gi?ng chó lao ??ng, Bouvier c?n v?n ??ng h?ng ngày t? 1–2 gi?: ?i b? dài, ch?y, ch?i các trò v?n ??ng m?nh ho?c tham gia hu?n luy?n chuyên nghi?p. N?u không v?n ??ng ??, chúng d? tr? nên b?n ch?n và khó ki?m soát.  
  
Hu?n luy?n:  
Thông minh và có kh? n?ng h?c h?i t?t, nh?ng ?ôi khi h?i b??ng b?nh. C?n hu?n luy?n t? nh?, kiên nh?n và nh?t quán. Gi?ng này r?t phù h?p cho các môn th? thao chó (obedience, tracking, protection). Xã h?i hóa s?m giúp chúng cân b?ng h?n khi ti?p xúc v?i ng??i l? ho?c thú c?ng khác.  
  
Ch?m sóc lông:  
B? lông dày, xù và ráp c?n ch?i ít nh?t 2–3 l?n/tu?n ?? tránh r?i và gi? s?ch. Th?nh tho?ng c?n c?t t?a ?? duy trì hình dáng g?n gàng, ??c bi?t vùng quanh m?t và m?t. V? sinh tai, r?ng và móng ??nh k? c?ng r?t quan tr?ng.  
  
Ch? ?? dinh d??ng:  
Kh?u ph?n ?n c?n nhi?u protein ch?t l??ng cao (th?t bò, gà, cá), k?t h?p tinh b?t nguyên h?t và rau c? qu?. Do là chó c? b?p, n?ng l??ng cao, c?n l??ng th?c ?n l?n nh?ng ph?i cân ??i ?? tránh béo phì và v?n ?? v? kh?p.  
  
S?c kh?e:  
M?t s? b?nh th??ng g?p:  
  
Lo?n s?n hông và khu?u  
  
Ch?ng ??y h?i xo?n d? dày (Bloat)  
  
B?nh v? m?t (glaucoma, cataract)  
  
M?t s? b?nh v? tim  
Khám thú y ??nh k?, ki?m soát cân n?ng và ch? ?? v?n ??ng s? giúp Bouvier s?ng kh?e m?nh."	40 – 70 tri?u VN?	20 – 35 tri?u VN?	2500 – 5000 USD	4	3	3	4	large	1.502809207
83	Dog	rottweiler	9 n?m – 11 n?m	35 – 60 kg	56 – 69 cm	85 – 100 cm	"Rottweiler có ngu?n g?c t? ??c, ban ??u ???c s? d?ng ?? kéo xe hàng và ch?n d?t gia súc. ?ây là gi?ng chó c? b?p, m?nh m?, thông minh và có b?n n?ng b?o v? cao, th??ng ???c dùng làm chó nghi?p v?, c?nh sát ho?c b?o v?.  
  
Tính cách:  
Rottweiler trung thành, d?ng c?m, t? tin và b?o v? ch? nhân m?nh m?. Chúng yêu th??ng gia ?ình, ??c bi?t g?n bó v?i m?t ng??i ch? duy nh?t. Tuy nhiên, n?u không ???c xã h?i hóa và hu?n luy?n t? nh?, Rott có th? tr? nên quá c?nh giác ho?c hung h?ng v?i ng??i l?.  
  
V?n ??ng:  
Là gi?ng chó n?ng l??ng cao, Rottweiler c?n 1–2 gi? v?n ??ng m?i ngày: ch?y, ?i b? dài, kéo t?, ho?c tham gia hu?n luy?n b?o v?. N?u b? nh?t ho?c ít v?n ??ng, chúng d? b? stress và sinh ra hành vi phá phách.  
  
Hu?n luy?n:  
Thông minh, nhanh nh?n nh?ng ?ôi khi b??ng b?nh. C?n ng??i ch? kiên ??nh, có kinh nghi?m và uy tín ?? hu?n luy?n. Ph??ng pháp hu?n luy?n nên tích c?c, nh?t quán, k?t h?p xã h?i hóa s?m ?? giúp Rott tr? nên cân b?ng, ki?m soát t?t b?n n?ng b?o v?.  
  
Ch?m sóc lông:  
Rott có b? lông ng?n, dày và bóng, d? ch?m sóc. Ch? c?n ch?i 1 l?n/tu?n ?? lo?i b? lông r?ng, t?m r?a khi c?n. V? sinh tai, r?ng và móng ??u ??n ?? gi? s?c kh?e t?ng th?.  
  
Ch? ?? dinh d??ng:  
Do là gi?ng chó c? b?p l?n, c?n kh?u ph?n ?n giàu protein và ch?t béo t?t t? th?t ??, cá, tr?ng. B? sung rau c? và tinh b?t nguyên h?t ?? cân b?ng dinh d??ng. Nên chia b?a ?n thành 2–3 l?n/ngày ?? tránh ch?ng ??y h?i xo?n d? dày (bloat).  
  
S?c kh?e:  
M?t s? b?nh th??ng g?p ? Rottweiler:  
  
Lo?n s?n hông và khu?u  
  
Ch?ng ??y h?i xo?n d? dày  
  
V?n ?? v? tim (aortic stenosis, cardiomyopathy)  
  
Ung th? x??ng (osteosarcoma)  
  
Béo phì n?u ít v?n ??ng  
Khám thú y ??nh k?, duy trì cân n?ng và t?p luy?n h?p lý s? giúp Rott kh?e m?nh và s?ng th?."	35 – 70 tri?u VN?	15 – 30 tri?u VN?	2500 – 6000 USD	4	3	1	4	large	1.773952497
84	Dog	german_shepherd	9 n?m – 13 n?m	22 – 40 kg	55 – 65 cm	85 – 100 cm	"German Shepherd là gi?ng chó ch?n c?u n?i ti?ng th? gi?i, ???c phát tri?n t?i ??c cu?i th? k? 19 b?i Max von Stephanitz. Ngày nay, chúng là m?t trong nh?ng gi?ng chó ?a n?ng nh?t: ch?n gia súc, b?o v?, c?nh sát, quân s?, c?u h?, d?n ???ng.  
  
Tính cách:  
German Shepherd thông minh, d?ng c?m, trung thành và vâng l?i, luôn s?n sàng b?o v? gia ?ình. Chúng có b?n n?ng canh gác m?nh m?, nh?ng ??ng th?i c?ng r?t tình c?m, g?n bó và bi?t quan tâm.  
  
V?n ??ng:  
?ây là gi?ng chó n?ng l??ng cao, c?n ít nh?t 1,5 – 2 gi? v?n ??ng m?i ngày: ch?y, ?i b? dài, hu?n luy?n agility, obedience, tìm ki?m, kéo t? ho?c các trò ch?i trí tu?. N?u không v?n ??ng ??, chúng d? stress, bu?n chán và phát sinh hành vi phá phách.  
  
Hu?n luy?n:  
German Shepherd là m?t trong nh?ng gi?ng chó d? hu?n luy?n nh?t, th??ng ??ng top ??u v? trí thông minh làm vi?c (theo b?ng x?p h?ng Stanley Coren). Chúng h?c l?nh nhanh, thích h?p cho nhi?u công vi?c khác nhau. Tuy nhiên, c?n hu?n luy?n nh?t quán, kiên ??nh và xã h?i hóa s?m ?? tránh quá c?nh giác v?i ng??i l?.  
  
Ch?m sóc lông:  
Có 2 lo?i: lông ng?n (short coat) và lông dài (long coat). C? hai ??u có lông kép (double coat): l?p ngoài th?ng, c?ng, l?p trong dày và ?m. C?n ch?i 2–3 l?n/tu?n, mùa r?ng lông c?n ch?m sóc nhi?u h?n. V? sinh tai, r?ng và móng th??ng xuyên.  
  
Ch? ?? dinh d??ng:  
Do là gi?ng chó c? b?p và ho?t ??ng nhi?u, kh?u ph?n ?n c?n giàu protein và ch?t béo ch?t l??ng cao (th?t bò, gà, cá, tr?ng). B? sung rau c?, ng? c?c nguyên h?t ?? h? tr? tiêu hóa. Chia 2–3 b?a/ngày ?? gi?m nguy c? ??y h?i xo?n d? dày (bloat).  
  
S?c kh?e:  
M?t s? b?nh th??ng g?p:  
  
Lo?n s?n hông và khu?u (hip & elbow dysplasia)  
  
Ch?ng ??y h?i xo?n d? dày (bloat)  
  
Thoái hóa t?y s?ng (Degenerative Myelopathy)  
  
D? ?ng da, b?nh v? m?t  
Khám thú y ??nh k?, v?n ??ng h?p lý và ch? ?? ?n cân ??i s? giúp GSD kh?e m?nh, s?ng th?."	30 – 60 tri?u VN?	12 – 25 tri?u VN?	2500 – 6000 USD	4	3	4	4	large	1.429931014
85	Dog	doberman	10 n?m – 13 n?m	30 – 45 kg	63 – 72 cm	85 – 100 cm	"Doberman là gi?ng chó canh gác và b?o v? n?i ti?ng, ???c phát tri?n cu?i th? k? 19 t?i ??c b?i Karl Friedrich Louis Dobermann – m?t ng??i thu thu? c?n m?t gi?ng chó b?o v? m?nh m?, nhanh nh?n và trung thành.  
  
Tính cách:  
Doberman n?i ti?ng v?i hình ?nh “chó v? s?” – trung thành, d?ng c?m, c?nh giác và b?o v? ch? tuy?t ??i. Tuy nhiên, chúng c?ng r?t tình c?m, g?n bó và bi?t quan tâm, ??c bi?t khi s?ng cùng gia ?ình. N?u ???c xã h?i hóa t?t t? nh?, chúng có th? thân thi?n, d?u dàng v?i tr? em và các v?t nuôi khác.  
  
V?n ??ng:  
?ây là gi?ng chó n?ng l??ng cao, nhanh nh?n, m?nh m?, c?n ít nh?t 1,5 – 2 gi? v?n ??ng/ngày. Chúng thích ch?y ???ng dài, t?p agility, obedience, canicross, IPO/IGP (bài t?p b?o v? – ph?c tùng), và các ho?t ??ng trí tu?. N?u không v?n ??ng ??, Doberman d? sinh ra c?ng th?ng, phá phách.  
  
Hu?n luy?n:  
Doberman c?c k? thông minh (x?p th? 5 trong b?ng trí tu? Stanley Coren). Chúng h?c l?nh nhanh, vâng l?i và có kh? n?ng t?p trung cao. Tuy nhiên, c?n ng??i ch? kiên ??nh, nh?t quán và có kinh nghi?m ?? tránh Doberman tr? nên b??ng b?nh ho?c hung h?ng. Xã h?i hóa t? nh? là b?t bu?c ?? hình thành tính cách cân b?ng.  
  
Ch?m sóc lông:  
Doberman có b? lông ng?n, m??t, ôm sát c? th?, ít r?ng lông, d? ch?m sóc. Ch? c?n ch?i 1 l?n/tu?n, t?m 1–2 tháng/l?n ho?c khi b?n. Tuy nhiên, do lông ng?n và da m?ng, chúng nh?y c?m v?i l?nh, nên c?n gi? ?m vào mùa ?ông.  
  
Ch? ?? dinh d??ng:  
C?n kh?u ph?n giàu protein ch?t l??ng cao (th?t bò, gà, cá, tr?ng) ?? duy trì c? b?p và n?ng l??ng. B? sung rau c?, tinh b?t và omega-3 (t?t cho tim m?ch, da lông). Chia 2 b?a/ngày ?? gi?m nguy c? xo?n d? dày (bloat).  
  
S?c kh?e:  
Doberman nhìn chung kh?e m?nh, nh?ng d? g?p m?t s? b?nh di truy?n:  
  
B?nh c? tim giãn (Dilated Cardiomyopathy – DCM)  
  
Lo?n s?n hông  
  
H?i ch?ng Wobbler (b?nh t?y s?ng c?)  
  
R?i lo?n ?ông máu (Von Willebrand Disease)  
  
Xo?n d? dày (bloat)  
Khám thú y ??nh k? và ch? ?? ?n, v?n ??ng khoa h?c s? giúp Doberman duy trì s?c kh?e t?t."	25 – 50 tri?u VN?	8 – 20 tri?u VN?	2500 – 6000 USD	4	3	1	4	large	1.608775512
86	Dog	miniature_pinscher	12 n?m – 16 n?m	4 – 6 kg	25 – 30 cm	30 – 35 cm	"Miniature Pinscher (th??ng g?i t?t là Min Pin) có ngu?n g?c t? ??c, ???c lai t?o t? Dachshund, Italian Greyhound và German Pinscher. Dù có ngo?i hình gi?ng Doberman thu nh?, nh?ng Min Pin ra ??i tr??c Doberman nhi?u th? k?.  
  
Tính cách:  
Gi?ng chó này ???c m?nh danh là “King of Toys” (Vua c?a nhóm chó c?nh nh?) nh? s? t? tin, gan d?, tràn ??y n?ng l??ng. Chúng lanh l?i, c?nh giác cao, thích b?o v? lãnh th? và s?a khi có ng??i l?. Tuy nhiên, v?i gia ?ình, chúng tình c?m, vui v? và r?t g?n bó.  
  
V?n ??ng:  
Dù thân hình nh? (cao 25–30 cm, n?ng 4–6 kg), Min Pin l?i có n?ng l??ng c?c cao. C?n ít nh?t 30 – 60 phút v?n ??ng/ngày, bao g?m ?i d?o nhanh, ch?i ném bóng, ch?y nh?y trong sân. N?u không ???c gi?i phóng n?ng l??ng, chúng d? c?n phá ?? ??c.  
  
Hu?n luy?n:  
Miniature Pinscher thông minh nh?ng khá b??ng b?nh, thích làm theo ý mình. C?n s? kiên nh?n, nh?t quán và ph??ng pháp hu?n luy?n tích c?c. Xã h?i hóa t? nh? giúp h?n ch? tính hung h?ng ho?c hay s?a.  
  
Ch?m sóc lông:  
Min Pin có lông ng?n, m??t, ít r?ng và d? ch?m sóc. Ch? c?n ch?i 1 l?n/tu?n và t?m 1–2 tháng/l?n. Chúng thích h?p nuôi trong c?n h?, nh?ng do lông ng?n và thân nh?, d? b? l?nh ? nên m?c áo gi? ?m khi tr?i l?nh.  
  
Ch? ?? dinh d??ng:  
C?n kh?u ph?n ?n cân ??i, giàu protein và ít ch?t béo. Vì gi?ng chó nh? d? béo phì, nên tránh cho ?n quá nhi?u ?? ?n v?t. Chia 2–3 b?a nh? trong ngày s? t?t h?n 1 b?a l?n.  
  
S?c kh?e:  
Nhìn chung kh?e m?nh, nh?ng có th? g?p m?t s? v?n ??:  
  
Tr?t x??ng bánh chè (Patellar Luxation)  
  
V?n ?? r?ng mi?ng (cao r?ng, viêm l?i)  
  
Lo?n s?n võng m?c ho?c ??c th?y tinh th?  
  
H? ???ng huy?t ? chó con n?u ?n u?ng không ??u"	15 – 30 tri?u VN?	5 – 12 tri?u VN?	1000 – 2500 USD	4	4	1	4	small	0.428180373
87	Dog	greater_swiss_mountain_dog	8 n?m – 11 n?m	40 – 64 kg	60 – 72 cm	95 – 110 cm	"Greater Swiss Mountain Dog (g?i t?t là Swissy) là gi?ng chó kh?ng l? có ngu?n g?c t? Th?y S?, thu?c nhóm Sennenhund (chó núi Th?y S?), cùng h? v?i Bernese Mountain Dog. Tr??c ?ây, chúng ???c dùng làm chó kéo xe, ch?n gia súc và b?o v? trang tr?i.  
  
Tính cách:  
Swissy có tính cách ?i?m ??m, trung thành, ?áng tin c?y và thân thi?n. Chúng c?c k? g?n bó v?i gia ?ình, t?t v?i tr? em, th??ng c?nh giác v?i ng??i l? nh?ng không hung d?. ?ây là gi?ng chó b?o v? và ??ng hành lý t??ng, mang tính “ng??i kh?ng l? hi?n lành”.  
  
V?n ??ng:  
Dù to l?n (cao 60–72 cm, n?ng 40–60 kg), Swissy không quá hi?u ??ng nh? m?t s? gi?ng khác. Tuy nhiên, chúng v?n c?n 1–2 gi? v?n ??ng v?a ph?i/ngày nh? ?i b?, ch?y nh?, ch?i ném bóng ho?c các ho?t ??ng ngoài tr?i. Vì c?u trúc c? th? n?ng, không nên b?t nh?y nhi?u ho?c v?n ??ng quá s?c khi còn nh?, ?? tránh t?n th??ng x??ng kh?p.  
  
Hu?n luy?n:  
Swissy thông minh, ngoan ngoãn và mu?n làm hài lòng ch?, nh?ng ?ôi khi có th? h?i ch?m ch?p trong ti?p thu. C?n hu?n luy?n kiên nh?n, nh? nhàng và nh?t quán. Xã h?i hóa s?m giúp chúng t? tin và hòa ??ng h?n v?i môi tr??ng xung quanh.  
  
Ch?m sóc lông:  
B? lông Swissy ng?n, dày hai l?p, v?i màu s?c ??c tr?ng ?en – nâu ?? – tr?ng (gi?ng Bernese nh?ng lông ng?n h?n). Lông d? ch?m sóc, ch? c?n ch?i 1–2 l?n/tu?n, nh?ng r?ng khá nhi?u theo mùa ? nên t?ng c??ng ch?i khi thay lông.  
  
Ch? ?? dinh d??ng:  
Do th? tr?ng l?n, Swissy c?n kh?u ph?n ?n giàu protein và canxi ?? duy trì c? b?p và x??ng kh?p ch?c kh?e. Nên chia kh?u ph?n thành 2–3 b?a/ngày, tránh ?n quá no ?? gi?m nguy c? xo?n d? dày (bloat). B? sung glucosamine và omega-3 s? có l?i cho kh?p và lông.  
  
S?c kh?e:  
Greater Swiss Mountain Dog d? g?p m?t s? v?n ??:  
  
Lo?n s?n hông và khu?u tay  
  
Xo?n d? dày (bloat)  
  
B?nh v? kh?p do tr?ng l??ng c? th? l?n  
  
M?t s? b?nh di truy?n v? m?t"	50 – 85 tri?u VN?	25 – 40 tri?u VN?	2500 – 5000 USD	4	5	1	5	large	1.931473591
88	Dog	bernese_mountain_dog	7 n?m – 10 n?m	32 – 55 kg	58 – 70 cm	90 – 105 cm	"Bernese Mountain Dog (g?i t?t là Bernese ho?c Berner) có ngu?n g?c t? vùng Bern c?a Th?y S?, thu?c nhóm Sennenhund (chó núi Th?y S?). Tr??c kia, chúng ???c dùng ?? kéo xe, ch?n gia súc và canh gi? trang tr?i.  
  
Tính cách:  
Bernese là gi?ng chó d?u dàng, trung thành, hi?n hòa và r?t tình c?m. Chúng n?i ti?ng v?i s? thân thi?n, d? m?n, yêu tr? em và thích g?n bó v?i gia ?ình. Khác v?i m?t s? gi?ng canh gác, Bernese th??ng ít hung d?, thay vào ?ó là s? kiên nh?n và ân c?n.  
  
V?n ??ng:  
Do vóc dáng l?n (cao 58–70 cm, n?ng 35–55 kg), Bernese c?n 1–1,5 gi? v?n ??ng/ngày. Thích h?p v?i các ho?t ??ng ngoài tr?i nh? ?i b?, ch?y nh?, ch?i ném bóng, ho?c kéo xe. Tuy nhiên, chúng không quá hi?u ??ng và có th? hài lòng v?i cu?c s?ng gia ?ình n?u ???c cho ra ngoài v?n ??ng ??u ??n.  
  
Hu?n luy?n:  
Bernese thông minh, ngoan ngoãn và d? hu?n luy?n nh? b?n tính mu?n làm hài lòng ch?. Tuy nhiên, chúng nh?y c?m v?i gi?ng ?i?u, nên c?n hu?n luy?n b?ng ph??ng pháp tích c?c, nh? nhàng và khích l?. Xã h?i hóa s?m giúp Bernese t? tin h?n v?i ng??i l? và môi tr??ng m?i.  
  
Ch?m sóc lông:  
Bernese có b? lông dài, dày hai l?p v?i màu s?c ??c tr?ng ?en – nâu ?? – tr?ng. C?n ch?i 2–3 l?n/tu?n, và trong mùa thay lông nên ch?i hàng ngày ?? gi?m r?ng. B? lông dày giúp ch?u l?nh t?t, nh?ng chúng không ch?u nóng ? c?n gi? mát vào mùa hè.  
  
Ch? ?? dinh d??ng:  
C?n ch? ?? ?n giàu protein, canxi và khoáng ch?t ?? duy trì c? b?p và x??ng kh?p kh?e m?nh. Chia kh?u ph?n thành 2–3 b?a/ngày, tránh ?n quá no ?? gi?m nguy c? xo?n d? dày (bloat). B? sung glucosamine, omega-3 và vitamin E s? h? tr? kh?p và da lông.  
  
S?c kh?e:  
Bernese Mountain Dog có tu?i th? t??ng ??i ng?n do m?t s? b?nh di truy?n:  
  
Ung th? (t? l? cao trong nhóm chó l?n)  
  
Lo?n s?n hông và khu?u tay  
  
Xo?n d? dày (bloat)  
  
B?nh v? m?t (??c th?y tinh th?, lo?n s?n võng m?c)  
  
B?nh c? x??ng do tr?ng l??ng c? th? l?n"	40 – 70 tri?u VN?	20 – 35 tri?u VN?	2500 – 5000 USD	4	5	4	5	large	1.727036203
89	Dog	appenzeller	12 n?m – 14 n?m	22 – 32 kg	50 – 58 cm	70 – 85 cm	"Appenzeller Sennenhund là gi?ng chó ch?n gia súc và b?o v? xu?t x? t? vùng Appenzell, Th?y S?. Chúng có thân hình v?m v?, c? b?p ch?c ch?n, b? lông ng?n 3 màu ??c tr?ng (?en – tr?ng – nâu) và chi?c ?uôi cong tròn cu?n trên l?ng.  
  
Gi?ng chó này thông minh, lanh l?i, trung thành và c?nh giác cao, r?t phù h?p làm chó canh gác và b?o v?. Chúng c?ng thân thi?n v?i tr? em và hòa ??ng khi ???c xã h?i hóa t? nh?, nh?ng có th? t? ra dè ch?ng v?i ng??i l?.  
  
Appenzeller c?n v?n ??ng nhi?u m?i ngày v?i các ho?t ??ng nh? ch?y nh?y, ?i d?o ???ng dài, kéo xe ho?c tham gia các trò ch?i hu?n luy?n trí tu?. ?ây không ph?i là gi?ng chó thích h?p cho không gian nh? h?p, mà c?n sân v??n r?ng rãi ho?c vùng nông thôn ?? phát huy b?n n?ng làm vi?c.  
  
B? lông ng?n và bóng nên vi?c ch?m sóc khá ??n gi?n, ch? c?n ch?i 1 – 2 l?n/tu?n ?? lo?i b? lông ch?t và gi? cho lông m??t. V? sinh tai, m?t, r?ng và c?t móng th??ng xuyên giúp ng?n ng?a b?nh t?t.  
  
Ch? ?? dinh d??ng c?n nhi?u protein t? th?t n?c, cá, k?t h?p v?i rau c? và tinh b?t nguyên h?t ?? duy trì n?ng l??ng cao. Không nên cho ?n quá nhi?u ch?t béo ?? tránh th?a cân, vì Appenzeller là gi?ng chó làm vi?c, c?n gi? vóc dáng kh?e m?nh và d?o dai.  
  
V? s?c kh?e, Appenzeller Sennenhund nhìn chung kh?e m?nh, ít b?nh di truy?n, nh?ng có th? g?p các v?n ?? v? x??ng hông (lo?n s?n), m?t và béo phì n?u ít v?n ??ng. Khám thú y ??nh k? và cho chúng v?n ??ng ??y ?? s? giúp kéo dài tu?i th? và duy trì s? sung s?c."	25 – 40 tri?u VN?	10 – 15 tri?u VN?	2.000 – 2.500 USD	4	4	1	4	large	1.243228825
90	Dog	entlebucher	11 n?m – 15 n?m	20 – 30 kg	42 – 50 cm	65 – 80 cm	"Entlebucher Sennenhund là gi?ng chó nh? nh?t trong t? ??i chó núi Th?y S? (cùng v?i Bernese, Appenzeller và Greater Swiss Mountain Dog). Chúng có thân hình c? b?p, ch?c n?ch, b? lông ng?n, m??t v?i màu tam th? ??c tr?ng: ?en – tr?ng – nâu.  
  
Tính cách n?i b?t c?a Entlebucher là thông minh, trung thành, d?ng c?m và r?t n?ng ??ng. Chúng th??ng g?n bó ch?t ch? v?i m?t ng??i ch?, thích ???c tham gia các ho?t ??ng ngoài tr?i, trò ch?i th? l?c và hu?n luy?n vâng l?i. Tuy nhiên, do b?n n?ng b?o v? m?nh, Entlebucher có th? t? ra c?nh giác v?i ng??i l?, nên c?n ???c xã h?i hóa t? nh?.  
  
Gi?ng chó này c?n nhi?u v?n ??ng hàng ngày: ?i d?o dài, ch?y b?, kéo xe nh?, ho?c tham gia các môn th? thao chó nh? agility. N?u thi?u ho?t ??ng, chúng có th? tr? nên b?n ch?n và phá phách.  
  
B? lông ng?n nên ch?m sóc khá d? dàng – ch? c?n ch?i 1 l?n/tu?n ?? lo?i b? lông r?ng và gi? cho lông bóng m??t. T?m ??nh k?, v? sinh tai, m?t, r?ng và c?t móng th??ng xuyên c?ng r?t quan tr?ng ?? gi? v? sinh.  
  
V? dinh d??ng, Entlebucher c?n m?t ch? ?? ?n giàu protein ch?t l??ng cao t? th?t, cá, tr?ng, k?t h?p v?i rau c? và ng? c?c nguyên h?t. Do chúng r?t n?ng ??ng, kh?u ph?n ?n c?n cân ??i ?? cung c?p ?? n?ng l??ng, ??ng th?i tránh tình tr?ng th?a cân.  
  
S?c kh?e c?a Entlebucher nhìn chung t?t, nh?ng có th? g?p các v?n ?? di truy?n nh? lo?n s?n x??ng hông, lo?n s?n khu?u và b?nh v? m?t (PRA – teo võng m?c ti?n tri?n). Khám thú y ??nh k?, v?n ??ng h?p lý và duy trì cân n?ng ?n ??nh s? giúp gi?ng chó này kh?e m?nh, vui v? và s?ng th?."	25 – 40 tri?u VN?	12 – 18 tri?u VN?	1.500 – 2.500 USD	4	3	1	4	medium	1.127871034
91	Dog	boxer	10 n?m – 12 n?m	25 – 32 kg	53 – 63 cm	70 – 85 cm	"Boxer là gi?ng chó có ngu?n g?c t? ??c, thu?c nhóm chó lao ??ng, n?i b?t v?i thân hình c? b?p, ng?c n?, mõm ng?n ??c tr?ng và khuôn m?t bi?u c?m. Chúng mang tính cách m?nh m?, n?ng ??ng, nh?ng ??ng th?i r?t tình c?m, trung thành và thân thi?n v?i tr? nh?, khi?n Boxer ???c m?nh danh là “chú h? trong th? gi?i loài chó”.  
  
Boxer thông minh, d? hu?n luy?n, nh?ng ?ôi khi h?i b??ng b?nh. Chúng c?n ???c giáo d?c t? s?m b?ng ph??ng pháp tích c?c, kiên nh?n và nh?t quán. Nh? b?n n?ng b?o v? m?nh m?, Boxer là m?t trong nh?ng gi?ng chó gi? nhà và b?o v? gia ?ình r?t t?t.  
  
Gi?ng chó này có nhu c?u v?n ??ng cao – c?n ?i d?o dài, ch?y b?, ch?i bóng ho?c tham gia các ho?t ??ng th? l?c hàng ngày. N?u không ???c v?n ??ng ??y ??, Boxer d? tr? nên hi?u ??ng thái quá và gây ra hành vi phá phách.  
  
B? lông ng?n, m??t c?a Boxer khá d? ch?m sóc – ch? c?n ch?i 1 l?n/tu?n ?? lo?i b? lông r?ng. Tuy nhiên, da c?a chúng khá nh?y c?m, d? b? kích ?ng, nên c?n t?m b?ng s?a t?m d?u nh? và tránh t?m quá th??ng xuyên. V? sinh r?ng mi?ng, tai và c?t móng ??nh k? c?ng r?t quan tr?ng.  
  
V? dinh d??ng, Boxer c?n kh?u ph?n giàu protein và ch?t béo lành m?nh ?? duy trì c? b?p, k?t h?p cùng rau c? và tinh b?t nguyên h?t. Do có xu h??ng d? t?ng cân và b? ch??ng h?i, nên không cho ?n quá nhi?u tinh b?t và th?c ?n khó tiêu.  
  
V? s?c kh?e, Boxer có th? g?p m?t s? b?nh di truy?n nh? b?nh tim, lo?n s?n x??ng hông, d? ?ng da và ung th?. Khám thú y ??nh k?, ch? ?? ?n khoa h?c và duy trì v?n ??ng h?p lý s? giúp Boxer s?ng kh?e m?nh và n?ng ??ng bên gia ?ình."	25 – 40 tri?u VN?	10 – 18 tri?u VN?	1.500 – 3.000 USD	3	3	1	2	large	1.29958932
92	Dog	bull_mastiff	8 n?m – 10 n?m	45 – 59 kg	61 – 69 cm	90 – 105 cm	"Bullmastiff là gi?ng chó có ngu?n g?c t? Anh, ???c lai gi?a Bulldog và Mastiff ?? tr? thành chó b?o v? tài s?n. Chúng có thân hình c?c k? v?m v?, ng?c r?ng, c? b?p ch?c n?ch và ??u to v?i hàm kh?e. Ngo?i hình oai v?, k?t h?p v?i s? d?ng c?m và trung thành, khi?n Bullmastiff tr? thành “ng??i gác ?êm” ?áng tin c?y.  
  
Tính cách c?a Bullmastiff ?i?m t?nh, d?ng c?m, b?o v? m?nh m? nh?ng ít s?a b?a. Chúng r?t trung thành v?i gia ?ình, thân thi?n v?i tr? em khi ???c nuôi d??ng ?úng cách. Tuy nhiên, b?n n?ng b?o v? m?nh khi?n chúng c?nh giác cao v?i ng??i l?, nên c?n xã h?i hóa t? nh? ?? tránh hung d?.  
  
Gi?ng chó này không quá hi?u ??ng, nh?ng do kích th??c l?n, chúng v?n c?n ???c ?i d?o h?ng ngày, t?p luy?n ? m?c v?a ph?i ?? duy trì s?c kh?e. Bullmastiff thích h?p s?ng trong nhà có sân v??n r?ng, không phù h?p nuôi trong c?n h? nh?.  
  
B? lông ng?n, m??t nên r?t d? ch?m sóc – ch? c?n ch?i 1 l?n/tu?n ?? gi? s?ch s?. Tuy nhiên, Bullmastiff d? b? ch?y dãi, nên c?n lau mi?ng th??ng xuyên. V? sinh r?ng mi?ng, tai và c?t móng ??nh k? c?ng r?t quan tr?ng ?? ng?n b?nh t?t.  
  
Ch? ?? ?n c?a Bullmastiff ph?i giàu protein t? th?t, cá, k?t h?p tinh b?t và rau c? ?? duy trì n?ng l??ng cho c? b?p. Do tr?ng l??ng l?n, c?n chia nh? kh?u ph?n ?? tránh ch??ng b?ng và béo phì.  
  
V? s?c kh?e, Bullmastiff d? m?c các b?nh di truy?n nh? lo?n s?n x??ng hông, b?nh tim, ung th? và các v?n ?? hô h?p do c?u trúc mõm ng?n. Khám thú y ??nh k?, duy trì cân n?ng h?p lý và ch? ?? v?n ??ng khoa h?c s? giúp Bullmastiff s?ng kh?e m?nh và g?n bó lâu dài v?i gia ?ình."	35 – 60 tri?u VN?	15 – 25 tri?u VN?	2.000 – 4.000 USD	2	3	1	5	large	1.902345213
93	Dog	tibetan_mastiff	10 n?m – 12 n?m	45 – 72 kg	61 – 76 cm	95 – 110 cm	"Tibetan Mastiff là gi?ng chó c? x?a có ngu?n g?c t? dãy Himalaya, ???c ng??i Tây T?ng nuôi ?? b?o v? tu vi?n và gia súc. Chúng n?i b?t v?i thân hình to l?n, khung x??ng ch?c n?ch, b?m lông dày quanh c? trông nh? s? t?, t?o nên dáng v? oai v? và quy?n l?c.  
  
Tính cách c?a Tibetan Mastiff m?nh m?, ??c l?p, trung thành và có b?n n?ng b?o v? lãnh th? r?t cao. Chúng c?nh giác v?i ng??i l?, nh?ng l?i h?t m?c g?n bó và b?o v? ch? nhân. Do b?n tính b??ng b?nh và ??c l?p, chúng c?n ng??i ch? có kinh nghi?m hu?n luy?n.  
  
Gi?ng chó này c?n không gian r?ng, thích h?p nuôi ? sân v??n ho?c vùng nông thôn, không phù h?p s?ng trong c?n h? nh?. M?c dù to l?n, Tibetan Mastiff không quá hi?u ??ng, nh?ng v?n c?n ???c ?i d?o h?ng ngày và v?n ??ng v?a ph?i ?? gi? vóc dáng cân ??i.  
  
B? lông dày, hai l?p giúp ch?u l?nh t?t nh?ng r?ng nhi?u theo mùa. C?n ch?i lông 2 – 3 l?n/tu?n, vào mùa r?ng lông ph?i ch?i hàng ngày ?? tránh r?i. T?m ??nh k?, v? sinh r?ng, tai, c?t móng th??ng xuyên là c?n thi?t ?? duy trì s?c kh?e.  
  
Ch? ?? dinh d??ng c?a Tibetan Mastiff ph?i giàu protein và khoáng ch?t ?? ?áp ?ng nhu c?u phát tri?n c? b?p và x??ng kh?p. Nên chia kh?u ph?n thành nhi?u b?a nh? ?? tránh các v?n ?? v? tiêu hóa, ??c bi?t là xo?n d? dày.  
  
V? s?c kh?e, Tibetan Mastiff d? g?p các b?nh liên quan ??n x??ng kh?p (lo?n s?n hông, lo?n s?n khu?u), b?nh tuy?n giáp và béo phì n?u ít v?n ??ng. Ki?m tra thú y ??nh k? và ch? ?? ch?m sóc khoa h?c s? giúp chúng s?ng th?, kh?e m?nh và gi? ???c s? oai hùng v?n có."	60 – 120 tri?u VN?	20 – 40 tri?u VN?	2.000 – 5.000 USD	1	3	4	4	large	2.07707183
94	Dog	french_bulldog	10 n?m – 12 n?m	8 – 14 kg	28 – 33 cm	35 – 45 cm	"French Bulldog là gi?ng chó c?nh n?i ti?ng có ngu?n g?c t? Pháp, s? h?u thân hình nh? g?n, c? b?p ch?c kh?e, ??u to tròn, mõm ng?n và ?ôi tai d?ng hình “tai d?i” ??c tr?ng. Ngo?i hình ?áng yêu k?t h?p v?i tính cách thân thi?n ?ã khi?n chúng tr? thành m?t trong nh?ng gi?ng chó c?nh ph? bi?n nh?t th? gi?i.  
  
French Bulldog có tính cách vui v?, hi?n lành, tình c?m và r?t g?n bó v?i ch? nhân. Chúng ít s?a, thích h?p s?ng ? c?n h? ho?c nhà ph?. Tuy nhiên, gi?ng chó này khá nh?y c?m và có xu h??ng ph? thu?c nhi?u vào ch?, không thích b? b? ? nhà m?t mình quá lâu.  
  
Do vóc dáng nh? và không quá hi?u ??ng, French Bulldog ch? c?n nh?ng bu?i ?i d?o ng?n ho?c ch?i trong nhà là ??. Tránh cho chúng v?n ??ng quá s?c, ??c bi?t trong th?i ti?t nóng, vì gi?ng chó m?t ng?n này d? g?p khó kh?n trong hô h?p.  
  
B? lông ng?n, m??t, ít r?ng nên vi?c ch?m sóc khá ??n gi?n – ch? c?n ch?i 1 l?n/tu?n ?? gi? s?ch và bóng m??t. Tuy nhiên, c?n ??c bi?t chú ý v? sinh n?p nh?n trên m?t ?? tránh tích t? b?i b?n và vi khu?n. V? sinh tai, r?ng, c?t móng ??nh k? c?ng r?t quan tr?ng.  
  
Ch? ?? ?n c?a French Bulldog c?n cân ??i, v?i protein t? th?t n?c, cá, tr?ng k?t h?p rau c? và tinh b?t nguyên h?t. Do d? t?ng cân, c?n ki?m soát kh?u ph?n ?n và tránh cho ?n quá nhi?u ?? ?n v?t ho?c th?c ?n nhi?u d?u m?.  
  
V? s?c kh?e, French Bulldog th??ng g?p các v?n ?? liên quan ??n ???ng hô h?p (do c?u trúc m?i ng?n), d? ?ng da, b?nh c?t s?ng và béo phì. Khám thú y ??nh k?, ki?m soát cân n?ng và gi? môi tr??ng s?ng mát m? s? giúp chúng kh?e m?nh và h?nh phúc bên gia ?ình."	25 – 45 tri?u VN?	12 – 20 tri?u VN?	2.500 – 4.000 USD	3	2	1	2	small	0.600900765
95	Dog	great_dane	8 n?m – 10 n?m	45 – 90 kg	71 – 86 cm	95 – 115 cm	"Great Dane là gi?ng chó kh?ng l? có ngu?n g?c t? ??c, n?i ti?ng v?i chi?u cao v??t tr?i – ???c m?nh danh là “Apollo trong th? gi?i loài chó”. Chúng có thân hình cao l?n, ng?c r?ng, c? b?p s?n ch?c nh?ng dáng ?i l?i thanh thoát và oai v?.  
  
Tính cách c?a Great Dane ?i?m t?nh, hi?n lành, tình c?m và r?t trung thành. M?c dù ngo?i hình to l?n có th? khi?n ng??i khác e dè, nh?ng chúng th??ng d?u dàng, thân thi?n và ???c coi là “ng??i kh?ng l? hi?n lành”. Chúng r?t g?n bó v?i gia ?ình, ??c bi?t yêu quý tr? em, ??ng th?i c?ng là chó canh gác ?áng tin c?y.  
  
Gi?ng chó này c?n không gian r?ng rãi ?? sinh ho?t, thích h?p v?i nhà có sân v??n. M?c dù vóc dáng to l?n, Great Dane không quá hi?u ??ng, ch? c?n nh?ng bu?i ?i d?o dài và v?n ??ng v?a ph?i ?? gi? s?c kh?e. Tuy nhiên, do kích th??c c? th? l?n, chúng không nên v?n ??ng quá s?c khi còn nh? ?? tránh ?nh h??ng ??n s? phát tri?n x??ng kh?p.  
  
B? lông ng?n, m??t c?a Great Dane d? ch?m sóc – ch? c?n ch?i 1 l?n/tu?n ?? lo?i b? lông r?ng. T?m ??nh k?, v? sinh r?ng, tai và c?t móng th??ng xuyên s? giúp duy trì s?c kh?e. Do d? ch?y dãi, ch? nuôi c?n th??ng xuyên lau mi?ng cho chúng.  
  
Ch? ?? dinh d??ng c?a Great Dane c?n giàu protein và canxi ?? h? tr? x??ng và c? b?p, k?t h?p v?i rau c? và tinh b?t nguyên h?t. Nên chia nh? b?a ?n trong ngày ?? tránh nguy c? xo?n d? dày, v?n là b?nh th??ng g?p ? các gi?ng chó kh?ng l?.  
  
V? s?c kh?e, Great Dane có tu?i th? ng?n so v?i nhi?u gi?ng chó khác. Chúng d? g?p các v?n ?? nh? lo?n s?n x??ng hông, b?nh tim, xo?n d? dày và m?t s? b?nh di truy?n. Vi?c khám thú y ??nh k?, ch? ?? dinh d??ng h?p lý và ch?m sóc khoa h?c s? giúp chúng s?ng kh?e m?nh và vui v?."	35 – 60 tri?u VN?	15 – 25 tri?u VN?	2.000 – 4.000 USD	3	3	1	2	large	2.333384832
96	Dog	saint_bernard	8 n?m – 10 n?m	54 – 90 kg	65 – 90 cm	100 – 120 cm	"Saint Bernard là gi?ng chó kh?ng l? có ngu?n g?c t? dãy Alps (Th?y S? – Ý), n?i ti?ng v?i vai trò chó c?u h? trong tuy?t l?. Chúng có thân hình to l?n, c? b?p ch?c kh?e, b? lông dày (ng?n ho?c dài), màu nâu tr?ng pha loang ??c tr?ng và khuôn m?t hi?n h?u.  
  
Tính cách c?a Saint Bernard ?i?m t?nh, hi?n lành, trung thành và r?t thân thi?n. Chúng ??c bi?t d?u dàng v?i tr? em, th??ng ???c m?nh danh là “ng??i kh?ng l? nhân h?u”. Tuy nhiên, do kích th??c to l?n, chúng c?n ???c hu?n luy?n t? nh? ?? ki?m soát hành vi, tránh vô tình làm t?n th??ng ng??i xung quanh.  
  
Gi?ng chó này c?n không gian r?ng ?? sinh ho?t, thích h?p v?i gia ?ình có sân v??n ho?c ? vùng nông thôn. Chúng không quá hi?u ??ng, ch? c?n ?i d?o hàng ngày và m?t s? trò ch?i v?n ??ng v?a ph?i. Do ch?u nóng kém, Saint Bernard c?n ???c nuôi trong môi tr??ng mát m?, tránh v?n ??ng m?nh d??i th?i ti?t oi b?c.  
  
B? lông dày c?a Saint Bernard c?n ???c ch?i 2 – 3 l?n/tu?n, vào mùa r?ng lông c?n ch?i th??ng xuyên h?n ?? tránh r?i. V? sinh tai, r?ng, m?t và c?t móng ??nh k? c?ng r?t quan tr?ng. Do d? ch?y dãi, ch? nuôi c?ng c?n lau mi?ng cho chúng th??ng xuyên.  
  
Ch? ?? dinh d??ng ph?i giàu protein, canxi và vitamin ?? h? tr? s? phát tri?n x??ng và c? b?p. Nên chia kh?u ph?n ?n thành nhi?u b?a nh? ?? h?n ch? nguy c? xo?n d? dày, v?n khá ph? bi?n ? các gi?ng chó kh?ng l?.  
  
V? s?c kh?e, Saint Bernard d? g?p các v?n ?? nh? lo?n s?n x??ng hông, b?nh tim, xo?n d? dày và các b?nh v? m?t. Vi?c khám thú y ??nh k?, ch? ?? ?n khoa h?c và v?n ??ng h?p lý s? giúp chúng kh?e m?nh, s?ng th? và ti?p t?c là “ng??i b?n hi?n lành kh?ng l?” trong gia ?ình."	40 – 70 tri?u VN?	18 – 30 tri?u VN?	2.500 – 4.500 USD	1	3	3	2	large	2.438505166
97	Dog	eskimo_dog	10 n?m – 15 n?m	9 – 16 kg	38 – 48 cm	50 – 60 cm	"Chó Eskimo Canada là m?t trong nh?ng gi?ng chó kéo xe c? x?a nh?t ? B?c M?, g?n li?n v?i ??i s?ng c?a ng??i Inuit. Chúng có thân hình c??ng tráng, s?c b?n d?o dai, ???c m?nh danh là “c? máy kéo tuy?t” t? nhiên. B? lông dày hai l?p (ngoài dài, trong lót m?m) giúp chúng ch?u l?nh c?c t?t, v?i màu s?c th??ng g?p: tr?ng, ?en – tr?ng, xám, ?? ho?c vàng kem.  
  
Tính cách c?a Canadian Eskimo Dog m?nh m?, ??c l?p, trung thành và d?ng c?m. Chúng r?t t?n t?y v?i ch?, nh?ng do b?n n?ng làm vi?c cao, ?ôi khi có xu h??ng c?ng ??u và không phù h?p cho ng??i m?i nuôi chó l?n ??u. C?n hu?n luy?n t? s?m ?? ki?m soát b?n n?ng s?n m?i và t?ng kh? n?ng hòa nh?p xã h?i.  
  
Gi?ng chó này c?n v?n ??ng nhi?u: ch?y ???ng dài, kéo v?t n?ng ho?c ch?i các trò th? thao ngoài tr?i. N?u b? nuôi nh?t trong không gian ch?t h?p, chúng d? sinh ra c?ng th?ng và phá phách. Vì v?y, Eskimo Dog thích h?p v?i ng??i có kinh nghi?m, s?ng ? n?i khí h?u mát l?nh và có không gian r?ng rãi.  
  
B? lông c?a chúng c?n ???c ch?i 2 – 3 l?n/tu?n, th??ng xuyên h?n vào mùa r?ng lông. Do quen v?i th?i ti?t l?nh, chúng d? b? s?c nhi?t khi nuôi ? vùng khí h?u nóng, nên c?n gi? mát và tránh ?? ngoài tr?i n?ng g?t.  
  
V? dinh d??ng, chúng c?n ch? ?? ?n giàu protein và ch?t béo ?? cung c?p n?ng l??ng cho c? b?p và ho?t ??ng th? l?c. Các b?nh th??ng g?p ? gi?ng chó này g?m lo?n s?n x??ng hông, viêm kh?p, b?nh v? m?t và d? dày.  
  
Do s? l??ng nuôi hi?n nay khá hi?m, Canadian Eskimo Dog ???c coi là gi?ng chó quý, n?m trong danh sách b?o t?n."	30 – 50 tri?u VN?	15 – 25 tri?u VN?	2.500 – 5.000 USD	4	3	3	3	small	0.781217281
98	Dog	malamute	10 n?m – 14 n?m	34 – 45 kg	58 – 64 cm	85 – 100 cm	"Alaskan Malamute là m?t trong nh?ng gi?ng chó kéo xe lâu ??i nh?t trên th? gi?i, ???c ng??i Eskimo dùng ?? kéo xe n?ng trên tuy?t và s?n b?n. Chúng có thân hình to l?n, c? b?p kh?e m?nh, b?n b?, n?i b?t v?i b? lông dày hai l?p màu xám – tr?ng, ?en – tr?ng, ho?c ?? – tr?ng, cùng chi?c ?uôi cong ph? lông dày.  
  
Malamute thông minh, trung thành và tình c?m, ??c bi?t g?n bó v?i gia ?ình, nh?ng c?ng khá ??c l?p và ?ôi khi b??ng b?nh. ?ây là gi?ng chó n?ng ??ng, thích phiêu l?u, r?t thân thi?n v?i ng??i nh?ng không phù h?p làm chó canh gác vì ít s?a và quá hi?n v?i ng??i l?.  
  
Do có ngu?n g?c t? vùng b?ng tuy?t, Malamute c?n v?n ??ng nhi?u m?i ngày nh? ch?y b?, ?i d?o ???ng dài, kéo xe ho?c ch?i các trò th? thao ngoài tr?i. N?u thi?u v?n ??ng, chúng d? t?ng cân, bu?n chán và phá phách.  
  
B? lông dày c?n ch?i ít nh?t 2 – 3 l?n/tu?n, và ch?i hàng ngày vào mùa r?ng lông. T?m không c?n quá th??ng xuyên, nh?ng v? sinh r?ng, tai và c?t móng c?n ???c duy trì ??u ??n. ? vùng khí h?u nóng, c?n tránh ?? Malamute ti?p xúc lâu ngoài n?ng vì d? b? s?c nhi?t.  
  
Ch? ?? dinh d??ng nên giàu protein, ch?t béo và khoáng ch?t, có th? b? sung th?t n?c, cá h?i, tr?ng và rau c?. Tránh th?c ?n nhi?u d?u m? ho?c tinh b?t kém ch?t l??ng.  
  
M?t s? v?n ?? s?c kh?e th??ng g?p ? gi?ng chó này g?m lo?n s?n x??ng hông, các b?nh v? m?t (??c th?y tinh th?, teo võng m?c) và béo phì n?u ít v?n ??ng.  
  
Malamute là gi?ng chó tuy?t v?i cho nh?ng gia ?ình n?ng ??ng, có không gian r?ng và yêu thích các ho?t ??ng ngoài tr?i."	20 – 40 tri?u VN?	10 – 18 tri?u VN?	2.000 – 4.500 USD	5	3	4	2	large	1.605240023
99	Dog	siberian_husky	12 n?m – 15 n?m	16 – 27 kg	50 – 60 cm	70 – 85 cm	"Siberian Husky là gi?ng chó kéo xe tuy?t có ngu?n g?c t? Siberia (Nga), n?i ti?ng v?i ngo?i hình ??p m?t: thân hình cân ??i, c? b?p s?n ch?c, b? lông dày hai l?p (tr?ng – ?en, tr?ng – xám, nâu – tr?ng…), ?ôi tai tam giác d?ng ??ng và ?ôi m?t xanh b?ng ho?c hai màu (m?t bi).  
  
Husky thông minh, giàu n?ng l??ng, tính cách thân thi?n, hòa ??ng, r?t qu?n ng??i nh?ng l?i không gi?i canh gác vì th??ng thân thi?n c? v?i ng??i l?. Chúng ?ôi khi b??ng b?nh, ngh?ch ng?m và thích ""?ào b?i"", vì v?y c?n hu?n luy?n kiên nh?n và nh?t quán.  
  
Gi?ng chó này c?n v?n ??ng m?nh hàng ngày: ch?y b?, ?i d?o dài, ch?i trò kéo xe, ho?c các ho?t ??ng th? l?c ngoài tr?i. N?u không ???c v?n ??ng ??, Husky d? sinh ra phá phách, c?n ?? ??c trong nhà.  
  
B? lông dày c?a Husky c?n ch?i 2 – 3 l?n/tu?n, và h?ng ngày trong mùa thay lông ?? gi?m r?ng. T?m ??nh k? (1 – 2 tháng/l?n), v? sinh tai, r?ng và c?t móng là c?n thi?t. Do xu?t x? vùng l?nh, Husky không ch?u nóng t?t, nên c?n s?ng ? n?i thoáng mát, tránh n?ng g?t.  
  
Ch? ?? dinh d??ng c?n giàu protein, ch?t béo t?t và vitamin. Nên b? sung th?t n?c, cá, tr?ng, rau c?, h?n ch? tinh b?t r? ti?n và ?? ?n nhi?u d?u m?.  
  
M?t s? v?n ?? s?c kh?e Husky có th? g?p: lo?n s?n hông, ??c th?y tinh th?, teo võng m?c và d? ?ng da. Khám thú y ??nh k? s? giúp ki?m soát t?t s?c kh?e lâu dài.  
  
Siberian Husky phù h?p v?i ng??i yêu thích v?n ??ng, có th?i gian ch?m sóc và hu?n luy?n, ??c bi?t là môi tr??ng có khí h?u mát m?."	15 – 30 tri?u VN?	6 – 12 tri?u VN?	1.500 – 3.500 USD	4	1	3	2	medium	1.140745293
100	Dog	affenpinscher	12 n?m – 15 n?m	3 – 6 kg	23 – 30 cm	30 – 35 cm	"Affenpinscher là gi?ng chó c?nh c? x?a có ngu?n g?c t? ??c, ban ??u ???c nuôi ?? b?t chu?t trong nhà b?p và chu?ng ng?a. Tên g?i c?a chúng xu?t phát t? ti?ng ??c “Affen” ngh?a là kh?, b?i khuôn m?t có bi?u c?m tinh ngh?ch gi?ng loài kh?.  
  
Affenpinscher có kích th??c nh? (cao 23 – 30 cm, n?ng 3 – 6 kg), b? lông xù ng?n, thô ráp, th??ng có màu ?en tuy?n, ?ôi khi xám ho?c b?c. Ngo?i hình c?a chúng ?áng yêu nh?ng c?ng toát lên v? tinh ngh?ch.  
  
V? tính cách, gi?ng chó này thông minh, d?ng c?m, lanh l?i và r?t trung thành v?i ch?. Chúng th??ng hi?u ??ng, thích ch?i ?ùa, tò mò và h?i “b??ng b?nh” nh?ng d? hu?n luy?n n?u áp d?ng ph??ng pháp tích c?c. Do tính c?nh giác cao, chúng c?ng có th? làm chó báo ??ng t?t.  
  
Affenpinscher c?n ???c v?n ??ng nh? nhàng hàng ngày nh? ?i b? ng?n, ch?i ?? ch?i ho?c ch?y nh?y trong sân v??n. Không ?òi h?i v?n ??ng quá nhi?u, phù h?p v?i môi tr??ng c?n h?.  
  
B? lông c?n ch?i 2 – 3 l?n/tu?n ?? tránh r?i và gi? s?ch. Nên t?a lông ??nh k? ?? gi? dáng g?n gàng. V? sinh r?ng, tai và c?t móng ??u ??n giúp phòng b?nh.  
  
Ch? ?? dinh d??ng: ?u tiên th?c ?n giàu protein ch?t l??ng cao (th?t gà, bò, cá), k?t h?p rau c? qu? và ng? c?c nguyên h?t. Tránh ?? ng?t và th?c ?n d?u m?.  
  
V? s?c kh?e, Affenpinscher th??ng kh?e m?nh nh?ng có th? g?p các b?nh v? r?ng mi?ng, tr?t x??ng bánh chè, b?nh v? m?t ho?c các v?n ?? hô h?p do kích th??c nh?. Khám thú y ??nh k? và ch?m sóc dinh d??ng h?p lý s? giúp chúng s?ng kh?e m?nh, vui v?."	35 – 60 tri?u VN?	20 – 30 tri?u VN?	2.000 – 4.000 USD	4	5	3	4	small	0.411609959
101	Dog	basenji	12 n?m – 14 n?m	9 – 11 kg	40 – 43 cm	55 – 65 cm	"Basenji là gi?ng chó s?n c? x?a có ngu?n g?c t? Trung Phi (Congo), n?i b?t v?i ??c ?i?m không s?a nh? các loài chó khác mà thay vào ?ó phát ra âm thanh ??c bi?t g?i là yodel (ti?ng hú – ngân rung). Ngo?i hình g?n gàng, nh? nh?n, cao 40 – 43 cm, n?ng 9 – 12 kg, có ?ôi tai d?ng, m?t h?nh nhân s?c s?o và chi?c ?uôi xo?n tròn ??c tr?ng.  
  
Tính cách: Basenji thông minh, ??c l?p, tò mò và c?nh giác cao. Chúng thân thi?n v?i gia ?ình, tình c?m v?i ch? nh?ng th??ng dè d?t v?i ng??i l?. B??ng b?nh và khó hu?n luy?n h?n nhi?u gi?ng chó khác, nên c?n ng??i ch? kiên nh?n, nh?t quán và kinh nghi?m.  
  
Gi?ng chó này r?t n?ng ??ng, c?n nhi?u v?n ??ng hàng ngày nh? ch?y b?, ?i d?o dài, ch?i các trò s?n m?i gi? l?p. N?u không ???c gi?i phóng n?ng l??ng, Basenji d? phá phách ho?c tìm cách thoát ra ngoài.  
  
B? lông ng?n, m?n và g?n nh? không có mùi nên vi?c ch?m sóc khá ??n gi?n. Ch? c?n ch?i 1 l?n/tu?n ?? lo?i b? lông ch?t. Gi?ng này v?n s?ch s?, th??ng t? li?m lông nh? mèo. Tuy nhiên, v?n c?n v? sinh tai, r?ng và c?t móng ??nh k?.  
  
Ch? ?? dinh d??ng: nên cho ?n th?c ?n giàu protein và n?ng l??ng (th?t n?c, cá, gan, rau c?, ng? c?c nguyên h?t). H?n ch? tinh b?t kém ch?t l??ng và ?? ?n nhi?u d?u m?.  
  
V? s?c kh?e, Basenji có th? m?c m?t s? b?nh di truy?n nh? h?i ch?ng Fanconi (th?n), lo?n s?n hông, b?nh v? m?t (teo võng m?c). Khám thú y ??nh k? và xét nghi?m di truy?n t? khi ch?n gi?ng là r?t quan tr?ng.  
  
Basenji phù h?p v?i ng??i n?ng ??ng, kiên nh?n trong hu?n luy?n và có không gian cho chó ch?y nh?y."	40 – 70 tri?u VN?	20 – 30 tri?u VN?	1.800 – 4.000 USD	4	4	1	4	small	0.744116718
102	Dog	pug	12 n?m – 15 n?m	6 – 8 kg	25 – 30 cm	30 – 35 cm	"Pug là gi?ng chó c?nh n?i ti?ng có ngu?n g?c t? Trung Qu?c, v?i ngo?i hình nh? nh?n (cao 25 – 30 cm, n?ng 6 – 8 kg), m?t ng?n, m?i t?t và nh?ng n?p nh?n ??c tr?ng. ?ôi m?t to, tròn cùng dáng ?i vui nh?n khi?n chúng tr? thành m?t trong nh?ng gi?ng chó ???c yêu thích nh?t th? gi?i.  
  
Tính cách: Pug hi?n lành, thân thi?n, qu?n quýt ch? và ??c bi?t r?t tình c?m. Chúng thích h?p v?i môi tr??ng gia ?ình, hòa ??ng v?i tr? em và các v?t nuôi khác. Tuy nhiên, ?ôi khi Pug h?i “l??i bi?ng” và tham ?n, d? b? béo phì n?u không ki?m soát ch? ?? ?n.  
  
Gi?ng chó này không c?n v?n ??ng quá nhi?u, ch? c?n ?i d?o ng?n ho?c ch?i nh? nhàng m?i ngày. Tuy nhiên, c?n tránh cho v?n ??ng m?nh d??i tr?i nóng vì Pug d? b? s?c nhi?t do ???ng hô h?p ng?n.  
  
B? lông ng?n, m??t, d? ch?m sóc. Ch? c?n ch?i 1 – 2 l?n/tu?n ?? lo?i b? lông r?ng. Do có nhi?u n?p nh?n trên m?t, c?n v? sinh s?ch s? vùng này th??ng xuyên ?? tránh viêm nhi?m. Ngoài ra, v? sinh r?ng mi?ng, tai và c?t móng c?ng r?t quan tr?ng.  
  
Ch? ?? dinh d??ng: nên cho ?n kh?u ph?n cân ??i, giàu protein và ch?t x?, h?n ch? tinh b?t và ch?t béo. Không nên cho ?n quá nhi?u ?? ?n v?t vì Pug r?t d? t?ng cân.  
  
V? s?c kh?e, Pug có th? g?p m?t s? v?n ?? di truy?n: khó th? do ???ng hô h?p ng?n, viêm da ? các n?p nh?n, b?nh v? m?t (l?i m?t, loét giác m?c), và béo phì. Khám thú y ??nh k?, ki?m soát cân n?ng và gi? v? sinh t?t s? giúp chúng s?ng kh?e m?nh.  
  
Pug phù h?p v?i ng??i s?ng ? thành ph?, c?n h? nh?, yêu thích s? g?n bó và d? ch?m sóc."	12 – 20 tri?u VN?	6 – 10 tri?u VN?	1.200 – 3.000 USD	1	1	1	2	small	0.467865022
103	Dog	leonberg	8 n?m – 10 n?m	45 – 77 kg	65 – 80 cm	95 – 115 cm	"Leonberger là gi?ng chó kh?ng l? có ngu?n g?c t? ??c (thành ph? Leonberg), ban ??u ???c lai t?o t? Newfoundland, Saint Bernard và Great Pyrenees ?? t?o ra m?t chú chó v?a có ngo?i hình oai v? nh? s? t?, v?a m?nh m? ?? kéo xe, trông coi, v?a hi?n lành làm b?n ??ng hành.  
  
Ngo?i hình: cao 65 – 80 cm, n?ng 45 – 75 kg; b? lông dày, dài, màu vàng s? t? pha nâu – ?en; m?t có “m?t n?” t?i; dáng to kh?e, cân ??i, c?c k? ?n t??ng.  
  
Tính cách: Leonberger hi?n lành, thông minh, trung thành, c?c k? thân thi?n và yêu tr? em. Chúng th??ng ???c g?i là “ng??i kh?ng l? hi?n h?u”, v?a có kh? n?ng b?o v? gia ?ình v?a là ng??i b?n ??ng hành lý t??ng. Tuy nhiên, do kích th??c kh?ng l?, chúng c?n ng??i ch? có kinh nghi?m.  
  
Leonberger c?n v?n ??ng nhi?u hàng ngày: ?i d?o dài, ch?y nh?y, b?i l?i, kéo xe… ?? duy trì th? l?c và tránh béo phì. N?u nuôi trong thành ph?, c?n có sân v??n r?ng rãi cho chúng sinh ho?t.  
  
B? lông dày dài c?n ch?i 2 – 3 l?n/tu?n, và ch?i hàng ngày vào mùa r?ng lông ?? tránh r?i, r?ng nhi?u. T?m ??nh k?, v? sinh tai, m?t, r?ng và c?t móng là c?n thi?t ?? gi? v? sinh.  
  
Ch? ?? dinh d??ng: kh?u ph?n ?n ph?i cân ??i, giàu protein, canxi và vitamin, v?i l??ng th?c ?n l?n ?? ?áp ?ng nhu c?u c?a m?t gi?ng chó kh?ng l?. Nên chia thành nhi?u b?a nh? ?? tránh xo?n d? dày – b?nh nguy hi?m th??ng g?p ? chó to.  
  
V? s?c kh?e, Leonberger d? m?c b?nh lo?n s?n hông, lo?n s?n khu?u, b?nh tim, xo?n d? dày và ung th? x??ng. Khám thú y ??nh k?, ki?m soát cân n?ng và ch? ?? v?n ??ng h?p lý s? giúp kéo dài tu?i th?.  
  
Leonberger phù h?p v?i gia ?ình r?ng rãi, có sân v??n, nhi?u th?i gian ch?m sóc và yêu thích chó kh?ng l? hi?n lành."	50 – 80 tri?u VN?	25 – 40 tri?u VN?	2.000 – 4.500 USD	4	4	4	5	large	2.164514212
104	Dog	newfoundland	8 n?m – 10 n?m	45 – 68 kg	63 – 74 cm	95 – 115 cm	"Newfoundland là gi?ng chó kh?ng l? có ngu?n g?c t? ??o Newfoundland (Canada), ???c lai t?o t? các gi?ng chó b?n ??a v?i chó châu Âu. Ban ??u, chúng ???c nuôi ?? kéo l??i, v?n chuy?n hàng n?ng, c?u h? trên bi?n nh? s?c m?nh, b?i gi?i và tính kiên c??ng.  
  
Ngo?i hình: cao 66 – 74 cm, n?ng 50 – 70 kg (có cá th? t?i 80 kg). Thân hình to l?n, c? b?p kh?e m?nh, b? lông dày hai l?p, ch?ng n??c, th??ng có màu ?en tuy?n, nâu, xám ho?c ?en – tr?ng (Landseer). Bàn chân có màng b?i – giúp b?i l?i tuy?t v?i.  
  
Tính cách: Newfoundland n?i ti?ng hi?n lành, ?i?m t?nh, kiên nh?n và r?t tình c?m – th??ng ???c g?i là “ng??i kh?ng l? hi?n lành”. Chúng yêu tr? em, trung thành và thân thi?n, hi?m khi hung d?.  
  
Gi?ng chó này c?n v?n ??ng th??ng xuyên: ?i b? dài, b?i l?i, ch?y nh? ?? duy trì s?c kh?e. Chúng không quá hi?u ??ng, nh?ng d? béo phì n?u ít v?n ??ng. Không phù h?p nuôi trong c?n h? ch?t h?p – c?n không gian r?ng rãi, sân v??n ho?c môi tr??ng g?n sông h?.  
  
B? lông dày c?n ch?i 2 – 3 l?n/tu?n và h?ng ngày vào mùa r?ng lông ?? tránh r?i. Do lông ch?ng n??c nên t?m không c?n th??ng xuyên, nh?ng c?n v? sinh tai, r?ng và c?t móng ??nh k?.  
  
Ch? ?? dinh d??ng: kh?u ph?n ?n ph?i giàu protein, canxi và ch?t béo t?t, cung c?p ?? n?ng l??ng cho c? th? l?n. Nên chia thành nhi?u b?a nh? ?? phòng ng?a xo?n d? dày – b?nh nguy hi?m th??ng g?p ? chó kh?ng l?.  
  
V? s?c kh?e, Newfoundland có nguy c? m?c lo?n s?n hông, b?nh tim (??c bi?t là h?p van ??ng m?ch ch?), xo?n d? dày và béo phì. Khám thú y ??nh k?, v?n ??ng h?p lý và dinh d??ng cân b?ng giúp kéo dài tu?i th?.  
  
Newfoundland phù h?p v?i gia ?ình có không gian r?ng, yêu thích chó kh?ng l? hi?n lành, ??c bi?t là nh?ng ai thích các ho?t ??ng b?i l?i ngoài tr?i."	45 – 70 tri?u VN?	20 – 35 tri?u VN?	2.000 – 4.000 USD	2	3	3	5	large	2.048626744
105	Dog	great_pyrenees	10 n?m – 12 n?m	45 – 60 kg	65 – 81 cm	95 – 115 cm	"Great Pyrenees có ngu?n g?c t? dãy núi Pyrenees (giáp Pháp – Tây Ban Nha). Ban ??u, chúng ???c nuôi ?? b?o v? ?àn gia súc kh?i sói, g?u và k? s?n m?i. Vì th? chúng có s?c m?nh, lòng d?ng c?m, cùng b?n n?ng canh gác b?m sinh.  
  
Ngo?i hình: cao 65 – 82 cm, n?ng 40 – 55 kg (có th? t?i 70 kg). Thân hình to l?n, kh?e m?nh, cân ??i. B? lông dài, dày hai l?p, có kh? n?ng ch?ng l?nh t?t. Màu lông ch? y?u tr?ng tinh khi?t, ?ôi khi có v?t xám, vàng nh?t ho?c ?? g?.  
  
Tính cách: Great Pyrenees ?i?m t?nh, kiên nh?n, c?c k? trung thành và tình c?m v?i gia ?ình. Tuy nhiên, do b?n n?ng b?o v? nên chúng c?nh giác v?i ng??i l?, th??ng s?a báo ??ng khi th?y nguy hi?m. Chúng c?ng khá ??c l?p, ?ôi khi c?ng ??u – ?òi h?i ng??i nuôi có kinh nghi?m hu?n luy?n.  
  
V?n ??ng: c?n không gian r?ng (sân v??n, nông tr?i), thích h?p v?i nh?ng gia ?ình ? vùng ngo?i ô ho?c nông thôn h?n là c?n h?. C?n ?i b? dài ho?c ch?y hàng ngày ?? duy trì s?c kh?e, nh?ng không quá hi?u ??ng.  
  
Ch?m sóc lông: b? lông dài, dày c?n ch?i ít nh?t 2 – 3 l?n/tu?n ?? tránh r?i và r?ng. Vào mùa thay lông (xuân – thu) nên ch?i h?ng ngày. Vì lông t? nhiên ch?ng b?n nên không c?n t?m quá th??ng xuyên, ch? khi th?c s? c?n.  
  
Dinh d??ng: kh?u ph?n ?n giàu protein, canxi và vitamin ?? h? tr? x??ng kh?p, tránh loãng x??ng. Chia kh?u ph?n thành nhi?u b?a nh? ?? gi?m nguy c? xo?n d? dày.  
  
S?c kh?e: d? g?p lo?n s?n hông, lo?n s?n khu?u, b?nh x??ng kh?p, béo phì và xo?n d? dày. Tu?i th? trung bình cao h?n m?t s? gi?ng chó kh?ng l? khác (so v?i Newfoundland hay Saint Bernard).  
  
Great Pyrenees phù h?p v?i ng??i yêu thích gi?ng chó kh?ng l? thông minh, canh gác gi?i, b?o v? gia ?ình, nh?ng c?n kiên nh?n trong hu?n luy?n và có ?? không gian s?ng cho chúng."	40 – 70 tri?u VN?	15 – 25 tri?u VN?	1.800 – 3.500 USD	3	3	4	5	large	1.99917908
106	Dog	samoyed	12 n?m – 14 n?m	16 – 30 kg	48 – 60 cm	70 – 85 cm	"Samoyed có ngu?n g?c t? Siberia (Nga), ???c ng??i Samoyede nuôi ?? kéo xe tr??t tuy?t, ch?n tu?n l?c và gi? ?m cho ch? trong ?êm giá l?nh. Gi?ng chó này n?i b?t v?i b? lông tr?ng tuy?t dày, hai l?p cùng g??ng m?t luôn t??i c??i – ???c g?i là “Samoyed Smile”.  
  
Ngo?i hình: chi?u cao 48 – 60 cm, cân n?ng 16 – 30 kg. Thân hình s?n ch?c, b? lông xù tr?ng mu?t, ?ôi tai tam giác d?ng ??ng và ?uôi cong ph? lông dày.  
  
Tính cách: Samoyed r?t thân thi?n, hòa ??ng, trung thành và giàu tình c?m. Chúng thích ? g?n con ng??i, hòa ??ng v?i tr? em và các loài v?t khác. Tuy nhiên, chúng th??ng s?a nhi?u ?? báo hi?u ho?c khi bu?n chán, và có tính ??ng b??ng n?u không ???c hu?n luy?n t? s?m.  
  
V?n ??ng: ?ây là gi?ng chó kéo xe nên c?n v?n ??ng ít nh?t 1 – 2 gi?/ngày (?i b?, ch?y, ch?i trò ném b?t, kéo xe nh?). N?u thi?u v?n ??ng, Samoyed có th? t?ng ??ng, c?n phá ?? ??c.  
  
Ch?m sóc lông: b? lông dày, tr?ng tuy?t c?n ch?i 3 – 4 l?n/tu?n ?? tránh r?i và gi? ?? xù m??t. Vào mùa thay lông (xuân – thu) c?n ch?i h?ng ngày. Vì lông Samoyed có kh? n?ng ch?ng b?n, ch? c?n t?m 1 – 2 tháng/l?n, nh?ng ph?i v? sinh k? r?ng, tai, m?t và c?t móng th??ng xuyên.  
  
Dinh d??ng: kh?u ph?n ?n nên giàu protein, vitamin và omega-3 ?? gi? lông m??t và ch?c kh?e. H?n ch? tinh b?t, ?? nhi?u d?u m? ?? tránh béo phì.  
  
S?c kh?e: nhìn chung kh?e m?nh, nh?ng d? m?c các b?nh lo?n s?n hông, b?nh tim, ti?u ???ng và các v?n ?? v? m?t. Khám thú y ??nh k? và ch? ?? s?ng lành m?nh s? giúp chúng duy trì s?c kh?e t?t.  
  
Samoyed là gi?ng chó lý t??ng cho gia ?ình mu?n nuôi m?t chú chó thân thi?n, d? th??ng, v?a làm b?n v?a gi? nhà, nh?ng c?n kiên nh?n trong vi?c ch?m sóc lông và ?áp ?ng nhu c?u v?n ??ng l?n c?a chúng."	20 – 40 tri?u VN?	10 – 18 tri?u VN?	2.000 – 4.000 USD	4	3	3	2	large	1.163859528
107	Dog	pomeranian	12 n?m – 16 n?m	1.8 – 3.5 kg	18 – 22 cm	20 – 25 cm	"Pomeranian là gi?ng chó c?nh n?i ti?ng có ngu?n g?c t? vùng Pomerania (giáp ??c – Ba Lan). V?i ngo?i hình nh? nh?n, b? lông xù b?ng b?nh nh? qu? bông và g??ng m?t d? th??ng, Pom ???c m?nh danh là “hoàng t? – công chúa chó c?nh”.  
  
Ngo?i hình: chi?u cao 18 – 25 cm, cân n?ng 2 – 4 kg. B? lông kép dày v?i l?p lông t? bên trong và l?p lông dài, xù bên ngoài. Màu lông ?a d?ng: tr?ng, cam, nâu, ?en, kem, sable…  
  
Tính cách: Pom thông minh, lanh l?i, tinh ngh?ch và r?t trung thành v?i ch?. Tuy thân hình nh? bé nh?ng chúng khá d?n d?, thích ???c chú ý và d? g?n bó v?i con ng??i. Tuy nhiên, Pomeranian c?ng d? “s?a nhi?u” ?? thu hút s? chú ý ho?c c?nh báo.  
  
V?n ??ng: tuy nh? bé nh?ng Pom r?t hi?u ??ng. C?n cho ?i d?o 20 – 30 phút/ngày, k?t h?p các trò ch?i trong nhà. N?u không ???c v?n ??ng, chúng có th? d? b? stress ho?c t?ng ??ng.  
  
Ch?m sóc lông: b? lông dày xù c?n ch?i 3 – 4 l?n/tu?n, vào mùa r?ng lông (xuân – thu) c?n ch?i hàng ngày ?? tránh r?i. T?m 1 l?n/2 – 4 tu?n, sau ?ó s?y khô k? ?? tránh n?m da. V? sinh m?t, tai, r?ng và c?t móng ??u ??n.  
  
Dinh d??ng: Pom có d? dày nh? nên nên chia kh?u ph?n ?n thành 3 – 4 b?a nh?/ngày. C?n cung c?p protein t? th?t gà, cá, tr?ng, k?t h?p rau c? và ng? c?c nguyên h?t. Tránh ?? ?n quá ng?t, nhi?u d?u m? vì d? gây béo phì và b?nh v? r?ng.  
  
S?c kh?e: Pomeranian nhìn chung kh?e m?nh, nh?ng có th? g?p các b?nh tr?t x??ng bánh chè, x?p khí qu?n, v?n ?? r?ng mi?ng và b?nh tim. Khám thú y ??nh k? và ch? ?? dinh d??ng cân ??i s? giúp Pom duy trì s?c kh?e t?t.  
  
Pomeranian là l?a ch?n lý t??ng cho nh?ng ai thích nuôi chó c?nh nh? xinh, ?áng yêu, giàu tình c?m, phù h?p s?ng trong c?n h? ho?c nhà nh?, mi?n là ???c ch?m sóc và yêu th??ng ?úng cách."	15 – 30 tri?u VN?	6 – 12 tri?u VN?	2.000 – 5.000 USD	5	1	4	3	small	0.286723268
108	Dog	chow	9 n?m – 15 n?m	20 – 32 kg	43 – 56 cm	65 – 80 cm	"Chow Chow là gi?ng chó c? x?a có ngu?n g?c t? Trung Qu?c, n?i b?t v?i ngo?i hình b?m xù nh? s? t? và chi?c l??i xanh – ?en ??c tr?ng. ?ây là gi?ng chó v?a làm b?n, v?a có kh? n?ng canh gác t?t.  
  
Ngo?i hình: chi?u cao 43 – 56 cm, cân n?ng 20 – 32 kg. Thân hình r?n ch?c, ?ôi m?t sâu, m?i ?en, ?uôi cu?n trên l?ng. B? lông có hai lo?i: lông dài xù ho?c lông ng?n m??t, ph? bi?n nh?t là màu vàng kem, ??, ?en, xanh xám ho?c tr?ng.  
  
Tính cách: Chow Chow khá ??c l?p, ?i?m t?nh, trung thành nh?ng có ph?n l?nh lùng. Chúng g?n bó m?nh m? v?i m?t ng??i ch? duy nh?t, ít khi quá thân thi?n v?i ng??i l?. Vì b?n tính kiêu hãnh, Chow Chow ?ôi khi ??ng b??ng và khó hu?n luy?n n?u không ???c d?y t? nh?.  
  
V?n ??ng: gi?ng chó này không quá hi?u ??ng, ch? c?n ?i d?o kho?ng 30 – 60 phút/ngày. Chúng thích h?p s?ng trong c?n h? ho?c nhà có sân v??n nh?, mi?n là ???c cho v?n ??ng v?a ??.  
  
Ch?m sóc lông: b? lông dày, ??c bi?t là gi?ng lông dài, c?n ch?i 3 – 4 l?n/tu?n ?? tránh r?i và lo?i b? lông r?ng. Vào mùa thay lông nên ch?i h?ng ngày. T?m kho?ng 1 l?n/tháng, chú ý s?y khô ?? tránh n?m da.  
  
Dinh d??ng: Chow Chow d? b? béo phì, vì v?y ch? ?? ?n nên cân ??i, giàu protein n?c (th?t gà, cá), rau c?, h?t dinh d??ng, h?n ch? tinh b?t và th?c ?n d?u m?. Nên chia kh?u ph?n h?p lý theo cân n?ng và ?? tu?i.  
  
S?c kh?e: gi?ng chó này có nguy c? m?c lo?n s?n hông, các b?nh v? m?t (entropion, ??c th?y tinh th?), b?nh da và v?n ?? v? hô h?p do c?u trúc m?t ng?n. Khám thú y ??nh k? và ki?m soát cân n?ng là r?t quan tr?ng.  
  
Chow Chow là gi?ng chó phù h?p v?i ng??i kiên nh?n, có kinh nghi?m nuôi chó, yêu thích s? sang tr?ng và ??c l?p, s?n sàng dành th?i gian ch?m sóc lông c?ng nh? hu?n luy?n ?? phát huy h?t v? ??p và tính cách c?a chúng."	30 – 50 tri?u VN?	15 – 25 tri?u VN?	2.500 – 5.000 USD	3	3	4	2	large	1.170985741
109	Dog	keeshond	12 n?m – 15 n?m	16 – 20 kg	43 – 48 cm	60 – 70 cm	"Keeshond là gi?ng chó có ngu?n g?c t? Hà Lan, thu?c nhóm chó Spitz, n?i b?t v?i b? lông dày bông xù màu xám khói pha ?en, g??ng m?t luôn nh? ?ang c??i và ?ôi m?t to vi?n ?en s?c s?o – ???c m?nh danh là “Chó c??i Hà Lan”.  
  
Ngo?i hình: chi?u cao 43 – 46 cm, cân n?ng 15 – 20 kg. B? lông kép: l?p lông t? dày bên trong gi? ?m và l?p lông ngoài dài, xù, ch?ng n??c. ?uôi cong ph? lông dày cu?n tròn trên l?ng.  
  
Tính cách: Keeshond r?t thân thi?n, tình c?m, trung thành và hòa ??ng. Chúng thích s?ng cùng gia ?ình, g?n g?i tr? em, hi?m khi hung d?. Là gi?ng chó canh nhà t?t vì th??ng c?nh báo b?ng ti?ng s?a khi có ng??i l?.  
  
V?n ??ng: ?ây là gi?ng chó n?ng ??ng v?a ph?i, ch? c?n ?i d?o 30 – 60 phút/ngày và ch?i ?ùa trong sân ho?c nhà. Chúng không ?òi h?i v?n ??ng quá nhi?u nên phù h?p v?i gia ?ình s?ng ? thành ph?, c?n h? ho?c nhà nh?.  
  
Ch?m sóc lông: b? lông dày c?n ch?i 2 – 3 l?n/tu?n, vào mùa thay lông (xuân – thu) nên ch?i h?ng ngày. T?m 1 l?n/tháng, không nên t?m quá th??ng xuyên vì d? khô da. C?n v? sinh m?t, tai, r?ng và c?t móng ??u ??n.  
  
Dinh d??ng: ch? ?? ?n nên giàu protein (th?t gà, bò, cá), rau c?, h?t dinh d??ng và omega-3 ?? duy trì lông bóng m??t. H?n ch? tinh b?t và th?c ?n nhi?u d?u m? ?? tránh béo phì.  
  
S?c kh?e: nhìn chung kh?e m?nh, tu?i th? cao, nh?ng có th? g?p m?t s? v?n ?? nh? lo?n s?n hông, ??ng kinh, suy giáp và b?nh v? m?t. Khám thú y ??nh k? và duy trì cân n?ng h?p lý giúp chúng s?ng kh?e m?nh, h?nh phúc.  
  
Keeshond là l?a ch?n tuy?t v?i cho gia ?ình mu?n nuôi m?t chú chó thân thi?n, d? nuôi, ít ?òi h?i v?n ??ng, v?a làm b?n v?a gi? nhà t?t."	35 – 60 tri?u VN?	18 – 30 tri?u VN?	2.500 – 4.500 USD	3	1	3	5	medium	0.951931448
110	Dog	brabancon_griffon	12 n?m – 15 n?m	3 – 6 kg	18 – 20 cm	20 – 25 cm	"Brabançon Griffon là gi?ng chó nh? có ngu?n g?c t? B?, cùng h? v?i Griffon Bruxellois và Griffon Belge. ?i?m n?i b?t là khuôn m?t bi?u c?m nh? ng??i, ?ôi m?t to tròn và chi?c m?i t?t ng?n d? th??ng, ???c nhi?u gia ?ình yêu thích nuôi làm chó c?nh.  
  
Ngo?i hình: chi?u cao 18 – 28 cm, cân n?ng 3 – 6 kg. B? lông ng?n, m??t (khác v?i hai h? hàng Griffon có lông dài ho?c xù). Màu lông ph? bi?n: ??, ?en, ?en pha nâu.  
  
Tính cách: Brabançon Griffon r?t thông minh, tình c?m, trung thành và bám ch?. Chúng thích ???c vu?t ve, quan tâm và có xu h??ng tr? thành “chó c?nh trong nhà” h?n là chó gi? nhà. Tuy nhiên, chúng c?ng c?nh giác và có th? s?a báo ??ng khi có ng??i l?.  
  
V?n ??ng: tuy nh? bé nh?ng n?ng l??ng cao, c?n 20 – 40 phút v?n ??ng/ngày (?i d?o, ch?i ?ùa trong nhà). Chúng r?t thích trò ném – b?t và các ho?t ??ng t??ng tác v?i ch?.  
  
Ch?m sóc lông: b? lông ng?n, m??t nên d? ch?m sóc, ch? c?n ch?i 1 – 2 l?n/tu?n. T?m 2 – 4 tu?n/l?n, chú ý v? sinh tai, m?t (do m?t to d? ch?y n??c m?t) và r?ng mi?ng ?? tránh b?nh nha chu.  
  
Dinh d??ng: nên chia thành 2 – 3 b?a nh?/ngày, ?u tiên th?c ph?m giàu protein (th?t gà, cá, bò), b? sung rau c? và vitamin. Tránh ?? ?n nhi?u d?u m?, ng?t ho?c ?? ?n th?a t? con ng??i.  
  
S?c kh?e: nhìn chung kh?e m?nh, tu?i th? cao, nh?ng có th? g?p v?n ?? liên quan ??n hô h?p (do m?t ng?n), r?ng mi?ng, b?nh v? m?t và d? t?ng cân. Khám thú y ??nh k?, duy trì cân n?ng h?p lý s? giúp chúng s?ng lâu và kh?e m?nh.  
  
Brabançon Griffon là gi?ng chó c?nh nh? xinh, giàu tình c?m, d? ch?m sóc, r?t phù h?p v?i gia ?ình s?ng ? thành ph?, c?n h? ho?c ng??i thích nuôi thú c?ng bám ch?."	30 – 50 tri?u VN?	15 – 25 tri?u VN?	2.000 – 4.000 USD	4	1	4	4	small	0.316782316
111	Dog	pembroke	12 n?m – 15 n?m	10 – 14 kg	25 – 30 cm	55 – 65 cm	"Pembroke Welsh Corgi có ngu?n g?c t? x? Wales (Anh), n?i ti?ng v?i thân hình th?p lùn, l?ng dài, 4 chân ng?n, g??ng m?t d? th??ng và ?ôi tai to d?ng th?ng. ?ây là gi?ng chó ???c Hoàng gia Anh, ??c bi?t là N? hoàng Elizabeth II, yêu thích trong nhi?u th?p k?.  
  
Ngo?i hình: chi?u cao 25 – 30 cm, cân n?ng 10 – 14 kg. ?i?m khác bi?t v?i Corgi Cardigan là ?uôi ng?n ho?c c?t b?m sinh. B? lông dày hai l?p, màu ph? bi?n: ?? – tr?ng, vàng kem, sable, ?en – nâu – tr?ng.  
  
Tính cách: Corgi Pembroke r?t thông minh, lanh l?i, trung thành và thân thi?n. Chúng thích ? g?n ch?, hòa ??ng v?i tr? em và d? hu?n luy?n. Tuy nhiên, b?n n?ng ch?n gia súc m?nh khi?n chúng ?ôi khi có thói quen “c?n gót chân” khi ch?i.  
  
V?n ??ng: tuy thân hình th?p bé nh?ng n?ng l??ng r?t cao, c?n ít nh?t 1 gi? v?n ??ng/ngày (?i d?o, ch?y nh?y, ch?i ném bóng). N?u không ???c v?n ??ng ??, Corgi d? b? béo phì.  
  
Ch?m sóc lông: b? lông kép c?n ch?i 2 – 3 l?n/tu?n, vào mùa r?ng lông (xuân – thu) nên ch?i h?ng ngày. T?m 1 l?n/1 – 2 tháng, v? sinh tai, m?t, r?ng và c?t móng ??nh k?.  
  
Dinh d??ng: kh?u ph?n ?n nên giàu protein (th?t gà, cá, bò), rau c?, h?t khô ch?t l??ng cao, h?n ch? tinh b?t và ?? nhi?u d?u m?. Do Corgi d? t?ng cân, c?n ki?m soát kh?u ph?n ch?t ch?.  
  
S?c kh?e: Corgi Pembroke có th? g?p các b?nh thoái hóa ??a ??m, lo?n s?n hông, béo phì và các b?nh v? m?t. Khám thú y ??nh k? và duy trì cân n?ng h?p lý s? giúp chúng s?ng kh?e m?nh.  
  
Pembroke Welsh Corgi là gi?ng chó lý t??ng cho gia ?ình mu?n nuôi m?t chú chó thân thi?n, thông minh, d? th??ng và giàu tình c?m, phù h?p c? v?i nhà nh? và c?n h?."	25 – 45 tri?u VN?	12 – 20 tri?u VN?	2.000 – 4.000 USD	4	4	3	2	small	0.69071184
112	Dog	cardigan	12 n?m – 15 n?m	11 – 17 kg	27 – 32 cm	60 – 70 cm	"Cardigan Welsh Corgi là gi?ng chó c? x?a h?n Pembroke, c?ng có ngu?n g?c t? x? Wales (Anh). ?i?m khác bi?t rõ nh?t là ?uôi dài r?m lông (trái ng??c v?i Pembroke ?uôi ng?n ho?c c?t).  
  
Ngo?i hình: chi?u cao 25 – 33 cm, cân n?ng 11 – 17 kg. Thân hình dài, chân ng?n, b? ng?c sâu, ?uôi dài ph? lông dày. B? lông kép, dày, có nhi?u màu s?c ?a d?ng h?n Pembroke: ??, sable, ?en – tr?ng, xanh merle…  
  
Tính cách: Cardigan thông minh, ??c l?p và ?i?m t?nh h?n Pembroke. Chúng v?n r?t trung thành, thân thi?n v?i gia ?ình và tr? em, nh?ng có ph?n dè d?t v?i ng??i l?. Nh? b?n n?ng ch?n gia súc, chúng c?ng là chó gi? nhà t?t.  
  
V?n ??ng: gi?ng nh? Pembroke, Cardigan c?n nhi?u v?n ??ng – ít nh?t 1 gi?/ngày. Các ho?t ??ng phù h?p: ?i d?o, ch?y nh?y, ch?i trò ném bóng, hu?n luy?n agility. N?u không v?n ??ng ?? d? béo phì và stress.  
  
Ch?m sóc lông: b? lông kép c?n ch?i 2 – 3 l?n/tu?n, vào mùa r?ng lông nên ch?i h?ng ngày. T?m 1 – 2 tháng/l?n, v? sinh r?ng, tai, m?t và c?t móng ??nh k?.  
  
Dinh d??ng: ch? ?? ?n giàu protein (th?t gà, bò, cá), b? sung rau c?, h?t dinh d??ng ch?t l??ng cao, h?n ch? tinh b?t. C?n ki?m soát kh?u ph?n ch?t ch? vì Corgi r?t d? béo phì.  
  
S?c kh?e: Cardigan th??ng kh?e m?nh, nh?ng d? g?p b?nh thoái hóa ??a ??m, lo?n s?n hông, béo phì và các v?n ?? v? m?t. Khám thú y ??nh k?, ki?m soát cân n?ng và cho v?n ??ng ?? là y?u t? quan tr?ng.  
  
Cardigan Welsh Corgi là gi?ng chó phù h?p cho gia ?ình mu?n nuôi m?t chú chó thông minh, ?i?m t?nh, g?n bó nh?ng có ph?n ??c l?p h?n Pembroke, thích h?p c? trong nhà nh? l?n có sân v??n."	30 – 50 tri?u VN?	15 – 25 tri?u VN?	2.000 – 4.500 USD	4	4	3	2	small	0.766174119
113	Dog	toy_poodle	12 n?m – 15 n?m	2 – 4 kg	24 – 28 cm	28 – 35 cm	"Toy Poodle là dòng nh? nh?t trong 3 dòng Poodle ph? bi?n (Standard, Miniature, Toy), v?i chi?u cao d??i 25 cm và cân n?ng ch? kho?ng 2 – 4 kg. Chúng n?i b?t v?i b? lông xo?n tít, dày, m?m m?n và ít r?ng, r?t phù h?p cho ng??i d? d? ?ng. Màu lông ?a d?ng: tr?ng, ?en, nâu, ??, xám, apricot… th??ng ???c c?t t?a t?o ki?u ??p m?t.  
  
Tính cách: thông minh, lanh l?i, tình c?m, d? hu?n luy?n và r?t qu?n ch?. Tuy nhiên, Toy Poodle khá nh?y c?m, n?u b? b? m?c lâu d? stress và s?a nhi?u.  
  
Nhu c?u v?n ??ng: m?c dù nh? bé nh?ng n?ng ??ng, c?n kho?ng 30 – 45 phút v?n ??ng/ngày nh? ?i d?o, ch?i ?ùa ho?c t?p các trò hu?n luy?n.  
  
Ch?m sóc lông: c?n ch?i lông h?ng ngày (ho?c ít nh?t 3 l?n/tu?n) và c?t t?a 1 – 2 tháng/l?n ?? tránh r?i, gi? dáng ??p. T?m 2 – 3 tu?n/l?n, v? sinh m?t, tai, r?ng và c?t móng ??nh k?.  
  
Dinh d??ng: nên cho ?n kh?u ph?n giàu protein t? th?t gà, bò, cá, k?t h?p rau c? qu? xay nh? và h?t dành cho chó size toy. Tránh th?c ?n nhi?u d?u m?, tinh b?t và ?? ?n th?a c?a con ng??i ?? ng?n béo phì.  
  
S?c kh?e: d? m?c các b?nh v? r?ng mi?ng, viêm tai, tr?t x??ng bánh chè (luxating patella) và h? ???ng huy?t ? chó con. Khám thú y ??nh k? và tiêm phòng ??y ?? giúp Toy Poodle kh?e m?nh, s?ng lâu bên gia ?ình."	15 – 25 tri?u VN?	6 – 12 tri?u VN?	2.000 – 4.000 USD	3	3	1	3	small	0.374026021
114	Dog	miniature_poodle	12 n?m – 15 n?m	5 – 9 kg	28 – 35 cm	38 – 45 cm	"Miniature Poodle là dòng Poodle c? trung bình, ??ng gi?a Toy và Standard. Chúng cao kho?ng 25 – 38 cm, n?ng 6 – 9 kg, có thân hình cân ??i, thanh thoát cùng b? lông xo?n ??c tr?ng, m?m m?i và ít r?ng, r?t phù h?p cho ng??i b? d? ?ng lông thú.  
  
Tính cách: c?c k? thông minh (x?p h?ng top 2 trong các gi?ng chó thông minh nh?t), n?ng ??ng, nhanh nh?n, d? hu?n luy?n và r?t trung thành. Miniature Poodle th??ng tình c?m, g?n g?i v?i gia ?ình, h?p c? môi tr??ng thành ph? và nông thôn.  
  
Nhu c?u v?n ??ng: c?n kho?ng 45 – 60 phút v?n ??ng/ngày, bao g?m ?i d?o, ch?i trò ném bóng, hu?n luy?n agility ho?c b?i l?i. Chúng thích các ho?t ??ng trí tu? nên hu?n luy?n b?ng trò ch?i giúp h?n ch? s? nhàm chán.  
  
Ch?m sóc lông: b? lông xo?n d? r?i nên c?n ch?i ít nh?t 3 – 4 l?n/tu?n và c?t t?a ??nh k? 1 – 2 tháng/l?n. T?m 2 – 3 tu?n/l?n, v? sinh tai, r?ng và c?t móng ??u ??n. Có th? t?o nhi?u ki?u lông khác nhau (Puppy cut, Continental clip, Teddy bear cut…).  
  
Dinh d??ng: nên cho ?n kh?u ph?n giàu protein t? th?t n?c (gà, bò, cá), b? sung rau c? qu?, ng? c?c nguyên h?t và h?t dinh d??ng ch?t l??ng cao. Tránh ?? ?n m?, ng?t và x??ng nh? d? hóc.  
  
S?c kh?e: Miniature Poodle th??ng kh?e m?nh, nh?ng có th? g?p b?nh Addison, ??ng kinh, lo?n s?n x??ng hông, tr?t x??ng bánh chè và b?nh v? m?t (??c th?y tinh th?). Khám thú y ??nh k?, k?t h?p ch? ?? dinh d??ng và v?n ??ng h?p lý giúp chúng s?ng kh?e m?nh và h?nh phúc."	20 – 35 tri?u VN?	10 – 18 tri?u VN?	2.500 – 5.000 USD	3	3	1	3	small	0.534924458
115	Dog	standard_poodle	12 n?m – 14 n?m	20 – 32 kg	45 – 60 cm	70 – 85 cm	"Standard Poodle là dòng l?n nh?t trong 3 lo?i Poodle, v?i chi?u cao trên 38 cm và cân n?ng kho?ng 20 – 30 kg. Chúng n?i b?t v?i dáng vóc thanh l?ch, b? lông xo?n dày, không r?ng nhi?u, ???c xem là “bi?u t??ng th?i trang” nh? kh? n?ng t?o ki?u lông ?a d?ng.  
  
Tính cách: thông minh, ?i?m t?nh, trung thành và r?t d? hu?n luy?n. So v?i Toy và Miniature, Standard Poodle có tính cách ch?ng ch?c, ít nhõng nh?o h?n, nh?ng v?n vô cùng tình c?m và g?n bó v?i ch?. Chúng ??c bi?t yêu thích ho?t ??ng ngoài tr?i, b?i l?i và th? thao.  
  
Nhu c?u v?n ??ng: c?n 1 – 2 gi? v?n ??ng/ngày. Các ho?t ??ng lý t??ng bao g?m ?i d?o ???ng dài, ch?y b?, b?i l?i, agility ho?c ch?i ném bóng. N?u không ???c v?n ??ng ??y ??, chúng d? bu?n chán và xu?t hi?n hành vi phá phách.  
  
Ch?m sóc lông: c?n ch?i lông ít nh?t 3 – 4 l?n/tu?n ?? tránh r?i, t?m 2 – 3 tu?n/l?n và c?t t?a ??nh k? m?i 1 – 2 tháng. Standard Poodle th??ng ???c t?o ki?u lông “Continental Clip” ho?c “English Saddle” trong các cu?c thi dog show.  
  
Dinh d??ng: kh?u ph?n ?n nên giàu protein (th?t bò, gà, cá), k?t h?p rau c? qu?, ng? c?c nguyên h?t và d?u cá ?? duy trì c? b?p s?n ch?c và b? lông óng m??t. Chia kh?u ph?n thành 2 – 3 b?a/ngày, tránh th?c ?n nhi?u d?u m? ho?c x??ng nh? d? hóc.  
  
S?c kh?e: gi?ng chó này có th? g?p b?nh Addison, lo?n s?n x??ng hông, b?nh tuy?n giáp, các v?n ?? v? da và tai, ??c th?y tinh th?. Khám thú y ??nh k?, ch? ?? v?n ??ng ??u ??n và ch?m sóc lông t?t s? giúp Standard Poodle s?ng kh?e m?nh và b?n b?."	30 – 50 tri?u VN?	15 – 25 tri?u VN?	3.000 – 6.000 USD	5	3	4	3	large	1.213412623
116	Dog	mexican_hairless	12 n?m – 15 n?m	18 – 25 kg	46 – 60 cm	65 – 80 cm	"Mexican Hairless hay còn g?i là Xoloitzcuintli (Xolo), là gi?ng chó c? x?a nh?t châu M?, g?n li?n v?i v?n hóa và tín ng??ng Mexico. Có 3 kích c?: Toy (25 – 35 cm), Miniature (36 – 45 cm), Standard (46 – 60 cm). ??c ?i?m n?i b?t là làn da tr?n nh?n, ít ho?c hoàn toàn không có lông, ?ôi tai d?ng và thân hình thanh thoát.  
  
Tính cách: trung thành, c?nh giác, thông minh và tình c?m. Xolo có b?n n?ng b?o v? m?nh m?, th??ng g?n bó v?i m?t gia ?ình ho?c m?t ng??i ch? duy nh?t. Chúng khá ?i?m t?nh, ít s?a vô c?, thích h?p làm chó canh gác và b?u b?n.  
  
Nhu c?u v?n ??ng: c?n kho?ng 45 – 60 phút v?n ??ng/ngày, bao g?m ?i d?o, ch?y b? ho?c ch?i ?ùa ngoài tr?i. Gi?ng chó này khá d?o dai và thích các ho?t ??ng th? ch?t v?a ph?i.  
  
Ch?m sóc da: do h?u nh? không có lông, Xolo c?n ch?m sóc da ??c bi?t. Nên t?m nh? b?ng s?a t?m d?u 1 – 2 tu?n/l?n, thoa kem d??ng ?m cho da ?? tránh khô n?t, và dùng kem ch?ng n?ng khi ra ngoài ?? ng?a cháy n?ng. Ngoài ra, c?ng c?n v? sinh tai, r?ng và c?t móng th??ng xuyên.  
  
Dinh d??ng: kh?u ph?n ?n giàu protein t? th?t n?c, cá, n?i t?ng ??ng v?t k?t h?p rau c? qu? và h?t khô ch?t l??ng cao. Do ho?t ??ng nhi?u, Xolo c?n ch? ?? ?n cân ??i ?? duy trì c? b?p s?n ch?c.  
  
S?c kh?e: Mexican Hairless nhìn chung khá kh?e m?nh, ít b?nh di truy?n. Tuy nhiên, có th? g?p các v?n ?? v? da (m?n, cháy n?ng, khô da), b?nh r?ng mi?ng (vì th??ng thi?u r?ng) và lo?n s?n x??ng hông ? cá th? l?n. Ch?m sóc da ?úng cách và khám thú y ??nh k? s? giúp chúng s?ng kh?e m?nh và lâu dài."	30 – 50 tri?u VN?	15 – 25 tri?u VN?	2.500 – 5.000 USD	3	3	3	4	medium	1.104967663
117	Dog	dingo	10 n?m – 14 n?m	13 – 20 kg	48 – 58 cm	75 – 90 cm	"Dingo là gi?ng chó hoang b?n ??a c?a Australia, n?i b?t v?i ngo?i hình s?n ch?c, dáng thanh thoát, tai d?ng, mõm nh?n và b? lông ng?n m??t, ph? bi?n màu vàng, ??, nâu ho?c pha tr?ng. Chúng là gi?ng chó thông minh, d?o dai, có b?n n?ng sinh t?n cao và kh? n?ng s?n m?i t? nhiên.  
  
Tính cách: Dingos ??c l?p, c?nh giác và r?t thông minh. Chúng trung thành nh?ng không quá qu?n ng??i, có kh? n?ng thích nghi t?t v?i môi tr??ng hoang dã ho?c bán hoang dã. Dingo hi?m khi tr? nên hung h?ng v?i con ng??i n?u ???c xã h?i hóa t? nh?.  
  
Nhu c?u v?n ??ng: là gi?ng chó n?ng ??ng và c?n v?n ??ng 1 – 2 gi?/ngày. Chúng thích ch?y nh?y, s?n m?i mô ph?ng, các trò ch?i kéo co ho?c ?i b? ???ng dài.  
  
Ch?m sóc lông: b? lông ng?n, d? ch?m sóc, ch? c?n ch?i lông 1 – 2 l?n/tu?n ?? lo?i b? lông r?ng và b?i b?n. T?m khi c?n thi?t, v? sinh tai, r?ng và c?t móng ??nh k?.  
  
Dinh d??ng: Dingo c?n ch? ?? ?n giàu protein (th?t n?c, cá, n?i t?ng), b? sung rau c? và ng? c?c nh? n?u nuôi trong môi tr??ng gia ?ình. Tránh cho ?n ?? ch? bi?n s?n quá nhi?u ho?c th?c ?n con ng??i nhi?u m?.  
  
S?c kh?e: Dingo nhìn chung kh?e m?nh, ít b?nh di truy?n, nh?ng khi nuôi trong nhà c?n theo dõi r?ng mi?ng, cân n?ng và ch? ?? v?n ??ng ?? tránh stress ho?c t?ng cân.  
  
Dingo là gi?ng chó thông minh, b?n b?, n?ng ??ng và g?n g?i v?i t? nhiên, phù h?p cho nh?ng ng??i yêu thích nuôi chó có b?n n?ng hoang dã nh?ng có th? hu?n luy?n ???c."	25 – 50 tri?u VN?	10 – 20 tri?u VN?	2.000 – 5.000 USD	5	4	1	4	medium	1.050714294
118	Dog	dhole	10 n?m – 14 n?m	12 – 21 kg	42 – 55 cm	70 – 90 cm	"Dhole là chó hoang dã b?n ??a châu Á, phân b? ? các khu r?ng ?n ??, ?ông Nam Á và Nga. Chúng có thân hình v?a, c? b?p s?n ch?c, b? lông màu ?? cam ??n nâu vàng, tai d?ng, mõm dài và ?uôi dài ph? lông. Là gi?ng chó s?ng theo b?y, c?c k? thông minh và d?o dai.  
  
Tính cách: Dholes ??c l?p, tinh ranh, có k? n?ng s?n m?i và ph?i h?p nhóm c?c t?t. Chúng r?t c?nh giác, không phù h?p làm thú c?ng hay chó gia ?ình. B?n n?ng hoang dã r?t m?nh, khó thu?n hóa.  
  
Nhu c?u v?n ??ng: Là gi?ng chó hoang, chúng di chuy?n và s?n m?i hàng ch?c km m?i ngày. Trong môi tr??ng nuôi nh?t, c?n không gian c?c l?n và kích thích trí tu? ?? tránh stress.  
  
Ch?m sóc lông: Lông ng?n, m??t, không ?òi h?i ch?m sóc nhi?u. Tuy nhiên, trong môi tr??ng nuôi nh?t, c?n v? sinh và ki?m tra s?c kh?e ??nh k?.  
  
Dinh d??ng: Dholes là thú s?n m?i ?n th?t, kh?u ph?n ch? y?u là th?t t??i, cá, chim và các loài ??ng v?t nh?; trong nuôi nh?t, c?n ch? ?? ?n giàu protein ??ng v?t và b? sung vitamin, khoáng ch?t phù h?p.  
  
S?c kh?e: Dholes kh?e m?nh trong t? nhiên, nh?ng nuôi nh?t d? g?p stress, b?nh ???ng ru?t, b?nh da và y?u t? tâm lý do thi?u v?n ??ng.  
  
Dhole là loài chó hoang dã và quý hi?m, thích h?p nghiên c?u khoa h?c và b?o t?n sinh thái, hoàn toàn không phù h?p làm chó c?nh hay chó gia ?ình."	"Không áp d?ng (??ng v?t hoang dã, b? c?m mua bán"	Không áp d?ng / b?t h?p pháp	Không có giá th??ng m?i	3	3	1	4	medium	1.009553097
119	Dog	african_hunting_dog	10 n?m – 12 n?m	18 – 36 kg	60 – 75 cm	75 – 100 cm	"African Hunting Dog là loài chó hoang dã b?n ??a châu Phi, n?i b?t v?i b? lông màu l?m ??m vàng, nâu, ?en và tr?ng, thân hình s?n ch?c, chân dài và c? b?p. Chúng s?ng theo b?y và có k? n?ng s?n m?i t?p th? c?c k? tinh vi, th??ng s?n các loài ??ng v?t l?n h?n chúng nh? linh d??ng và nai.  
  
Tính cách: R?t thông minh, xã h?i và h?p tác, nh?ng hoàn toàn không thích h?p nuôi làm thú c?ng. Chúng trung thành v?i b?y, c?nh giác v?i ng??i l? và có b?n n?ng s?n m?i r?t cao.  
  
Nhu c?u v?n ??ng: Là loài s?n m?i hoang dã, chúng di chuy?n hàng ch?c km m?i ngày ?? s?n m?i. Trong môi tr??ng nuôi nh?t, c?n không gian c?c r?ng và môi tr??ng kích thích trí tu?.  
  
Ch?m sóc lông: Lông ng?n, m??t, không r?ng nhi?u. Trong môi tr??ng nuôi nh?t, ch? c?n v? sinh ??nh k? và ki?m tra s?c kh?e.  
  
Dinh d??ng: Chúng là ??ng v?t ?n th?t b?t bu?c, kh?u ph?n chính là th?t t??i, chim, th? và các ??ng v?t nh?. Trong nuôi nh?t, c?n ch? ?? ?n giàu protein và b? sung khoáng ch?t c?n thi?t.  
  
S?c kh?e: Loài này kh?e m?nh trong t? nhiên nh?ng trong nuôi nh?t d? g?p stress, r?i lo?n hành vi, b?nh da và y?u t? tâm lý do thi?u không gian v?n ??ng và s?n m?i.  
  
African Hunting Dog là loài hoang dã, quý hi?m và ???c b?o t?n, thích h?p nghiên c?u sinh thái và giáo d?c b?o t?n, không phù h?p làm chó c?nh hay chó gia ?ình."	"Không áp d?ng (??ng v?t hoang dã, b? c?m mua bán"	Không áp d?ng / b?t h?p pháp	Không có giá th??ng m?i	3	3	4	4	large	1.37795198
120	Cat	abyssinian	12 n?m – 15 n?m	3 – 5 kg	20 – 25 cm	40 – 50 cm	"Abyssinian là gi?ng mèo có thân hình thon g?n, c? b?p s?n ch?c và r?t n?ng ??ng, vì v?y vi?c ch?m sóc c?n chú tr?ng ??n c? dinh d??ng l?n v?n ??ng. V? ch? ?? ?n u?ng, chúng c?n th?c ?n giàu protein (??m) ?? duy trì c? b?p và m?c n?ng l??ng cao. Có th? k?t h?p th?c ?n h?t cao c?p v?i th?c ?n ??t ?? ??m b?o ?? n??c và d??ng ch?t. Kh?u ph?n nên ???c chia ??u trong ngày, tránh cho ?n quá nhi?u m?t lúc ?? h?n ch? béo phì.

Do Abyssinian c?c k? hi?u ??ng và tò mò, chúng c?n không gian ?? leo trèo và vui ch?i. Nên trang b? tr? cào móng, k? leo t??ng ho?c ?? ch?i t??ng tác ?? giúp mèo gi?i t?a n?ng l??ng và tránh stress. Gi?ng mèo này không thích b? b? m?t mình quá lâu, vì v?y ch? nuôi nên dành th?i gian ch?i và t??ng tác h?ng ngày.

V? ch?m sóc lông, Abyssinian có b? lông ng?n, m?n và ôm sát c? th? nên r?t d? ch?m. Ch? c?n ch?i lông 1–2 l?n m?i tu?n ?? lo?i b? lông r?ng và gi? lông bóng m??t. T?m không c?n quá th??ng xuyên, ch? khi mèo th?t s? b?n.

V? s?c kh?e, Abyssinian t??ng ??i kh?e m?nh nh?ng có nguy c? m?c m?t s? b?nh di truy?n nh? thi?u men pyruvate kinase (PK deficiency), b?nh n??u r?ng ho?c teo võng m?c ti?n tri?n (PRA). Vì v?y, nên cho mèo khám s?c kh?e ??nh k? và tiêm phòng ??y ??. Gi?ng mèo này thông minh, thân thi?n, tình c?m và r?t qu?n ch?; n?u ???c ch?m sóc ?úng cách, Abyssinian là m?t ng??i b?n ??ng hành n?ng ??ng và trung thành."	20 – 40 tri?u VN?	10 – 18 tri?u VN?	800 – 2.500 USD	4	3	1	2	small	0.431289605
121	Cat	bengal	12 n?m – 16 n?m	4 – 7 kg	20 – 25 cm	45 – 55 cm	"Bengal là gi?ng mèo có ngo?i hình hoang dã v?i b? lông ??m ho?c vân c?m th?ch gi?ng báo r?ng, ??ng th?i s? h?u m?c n?ng l??ng r?t cao. Vì v?y, vi?c ch?m sóc Bengal c?n t?p trung vào ch? ?? dinh d??ng giàu ??m và môi tr??ng s?ng kích thích v?n ??ng. Th?c ?n cho Bengal nên có hàm l??ng protein cao, ?u tiên các lo?i th?c ?n ch?t l??ng t?t ho?c th?c ph?m t??i n?u chín, h?n ch? tinh b?t ?? tránh các v?n ?? tiêu hóa.

Bengal r?t hi?u ??ng, thích leo trèo, ch?y nh?y và ch?i các trò t??ng tác. Ch? nuôi nên chu?n b? tr? cào móng cao, k? leo, ?? ch?i thông minh ho?c dành th?i gian ch?i cùng mèo m?i ngày. Gi?ng mèo này khá thông minh, có th? h?c các trò ch?i nh? b?t bóng, ?i dây d?t và th?m chí m? c?a ho?c vòi n??c, nên c?n ??m b?o môi tr??ng an toàn trong nhà.

V? ch?m sóc lông, Bengal có b? lông ng?n, dày và m??t nên r?t d? ch?m sóc. Ch? c?n ch?i lông 1–2 l?n m?i tu?n ?? lo?i b? lông r?ng và gi? ?? bóng t? nhiên. T?m không c?n th??ng xuyên, nh?ng Bengal th??ng không s? n??c và có th? thích ch?i v?i n??c.

V? s?c kh?e, Bengal có nguy c? m?c m?t s? b?nh di truy?n nh? b?nh c? tim phì ??i (HCM), r?i lo?n tiêu hóa ho?c d? ?ng th?c ?n. Do ?ó, nên cho mèo khám s?c kh?e ??nh k?, tiêm phòng và t?y giun ??y ??. Bengal có tính cách thông minh, n?ng ??ng, tò mò và r?t g?n bó v?i ch?; n?u ???c ch?m sóc ?úng cách, chúng là gi?ng mèo phù h?p v?i ng??i nuôi có th?i gian và thích t??ng tác nhi?u."	25 – 50 tri?u VN?	12 – 25 tri?u VN?	1.000 – 4.000 USD	5	4	1	3	small	0.483532218
122	Cat	birman	12 n?m – 16 n?m	4 – 6 kg	23 – 28 cm	45 – 55 cm	"Birman là gi?ng mèo lông dài, n?i b?t v?i b? lông m??t, m?t xanh sapphire và ??c tr?ng “g?ng tay tr?ng” ? b?n chân. Tính cách c?a Birman hi?n lành, tình c?m và r?t qu?n ng??i, nên vi?c ch?m sóc không quá ph?c t?p nh?ng c?n s? ??u ??n. V? ch? ?? ?n, Birman c?n th?c ?n giàu protein và cân ??i d??ng ch?t ?? duy trì b? lông dài kh?e m?nh. Có th? k?t h?p th?c ?n h?t ch?t l??ng cao v?i th?c ?n ??t ?? h? tr? tiêu hóa và b? sung ?? ?m cho c? th?.

Do b? lông dài và m?n, Birman c?n ???c ch?i lông kho?ng 2–3 l?n m?i tu?n ?? tránh r?i lông và gi?m r?ng lông trong nhà. Tuy nhiên, lông c?a Birman ít b? b?t và ít r?i h?n so v?i m?t s? gi?ng mèo lông dài khác, nên vi?c ch?m sóc t??ng ??i nh? nhàng. T?m ch? c?n th?c hi?n khi mèo quá b?n ho?c theo chu k? vài tháng m?t l?n.

Birman không quá hi?u ??ng nh?ng v?n c?n v?n ??ng và t??ng tác h?ng ngày. Các trò ch?i nh? nhàng trong nhà, ?? ch?i t??ng tác ho?c th?i gian ch?i cùng ch? s? giúp mèo tránh bu?n chán và stress. Gi?ng mèo này r?t hòa ??ng, thân thi?n v?i tr? em và các v?t nuôi khác, phù h?p v?i gia ?ình.

V? s?c kh?e, Birman nhìn chung khá kh?e m?nh nh?ng có th? g?p m?t s? v?n ?? nh? b?nh tim (HCM) ho?c th?n ?a nang ? m?t s? dòng. Vì v?y, nên cho mèo ki?m tra s?c kh?e ??nh k?, tiêm phòng và theo dõi ch? ?? dinh d??ng h?p lý. N?u ???c ch?m sóc t?t, Birman s? là ng??i b?n ??ng hành d?u dàng, trung thành và r?t tình c?m."	20 – 40 tri?u VN?	10 – 18 tri?u VN?	800 – 3.000 USD	2	1	4	2	small	0.493558812
123	Cat	bombay	12 n?m – 16 n?m	3 – 5.5 kg	22 – 28 cm	40 – 50 cm	"Bombay là gi?ng mèo lông ng?n v?i b? lông ?en tuy?n, bóng m??t nh? nhung và ?ôi m?t màu ??ng ho?c vàng n?i b?t. Gi?ng mèo này có tính cách thân thi?n, thông minh và r?t qu?n ch?, th??ng ???c ví nh? “chú báo ?en mini” trong nhà. V? ch? ?? ?n u?ng, Bombay c?n kh?u ph?n cân ??i, giàu protein ?? duy trì c? b?p và ?? bóng c?a lông. Có th? k?t h?p th?c ?n h?t cao c?p v?i th?c ?n ??t ?? ??m b?o ?? dinh d??ng và ?? ?m cho c? th?.

Bombay là gi?ng mèo n?ng ??ng v?a ph?i, thích ch?i và t??ng tác v?i con ng??i. Ch? nuôi nên dành th?i gian ch?i cùng mèo m?i ngày b?ng các trò ch?i ??n gi?n nh? b?t bóng, ?? ch?i c?n câu ho?c ?? ch?i t??ng tác ?? giúp mèo v?n ??ng và tránh bu?n chán. Chúng thích ???c ? g?n con ng??i và không phù h?p v?i môi tr??ng b? b? m?t mình quá lâu.

V? ch?m sóc lông, Bombay r?t d? ch?m sóc do b? lông ng?n và ôm sát c? th?. Ch? c?n ch?i lông 1 l?n m?i tu?n ?? lo?i b? lông r?ng và gi? lông luôn bóng m??t. Vi?c t?m không c?n th??ng xuyên, ch? th?c hi?n khi th?t s? c?n thi?t.

V? s?c kh?e, Bombay nhìn chung khá kh?e m?nh nh?ng có th? g?p m?t s? v?n ?? nh? b?nh tim phì ??i (HCM), các v?n ?? v? hô h?p do c?u trúc m?i ng?n, ho?c ch?y n??c m?t. Vì v?y, nên cho mèo ki?m tra s?c kh?e ??nh k?, v? sinh m?t m?i th??ng xuyên và tiêm phòng ??y ??. V?i tính cách hi?n lành, trung thành và tình c?m, Bombay là gi?ng mèo r?t phù h?p nuôi trong gia ?ình."	18 – 35 tri?u VN?	8 – 15 tri?u VN?	800 – 2.500 USD	2	1	1	2	small	0.452873316
124	Cat	british_shorthair	12 n?m – 16 n?m	4 – 7 kg	28 – 33 cm	45 – 55 cm	"British Shorthair là gi?ng mèo có thân hình m?p m?p, ch?c kh?e v?i khuôn m?t tròn và b? lông ng?n, dày ??c tr?ng. Gi?ng mèo này có tính cách ?i?m ??m, ??c l?p v?a ph?i và r?t thân thi?n, phù h?p v?i nhi?u ki?u gia ?ình. V? ch? ?? ?n u?ng, British Shorthair d? t?ng cân nên kh?u ph?n c?n ???c ki?m soát h?p lý. Th?c ?n nên giàu protein, h?n ch? ch?t béo và tinh b?t, ??ng th?i chia thành các b?a nh? trong ngày ?? tránh béo phì.

Do không quá hi?u ??ng, British Shorthair không c?n v?n ??ng c??ng ?? cao nh?ng v?n nên ???c khuy?n khích ch?i ?ùa m?i ngày ?? duy trì s?c kh?e và vóc dáng. Các trò ch?i nh? trong nhà, ?? ch?i t??ng tác ho?c th?i gian ch?i cùng ch? là ?? ?? ?áp ?ng nhu c?u v?n ??ng c?a chúng.

V? ch?m sóc lông, British Shorthair có b? lông ng?n nh?ng r?t dày, vì v?y c?n ch?i lông 2–3 l?n m?i tu?n ?? lo?i b? lông r?ng và h?n ch? búi lông trong d? dày. Vào mùa r?ng lông, nên ch?i th??ng xuyên h?n. Vi?c t?m không c?n thi?t th??ng xuyên, ch? khi mèo th?t s? b?n.

V? s?c kh?e, British Shorthair nhìn chung kh?e m?nh nh?ng có nguy c? m?c m?t s? b?nh di truy?n nh? b?nh c? tim phì ??i (HCM), béo phì và các v?n ?? v? kh?p do tr?ng l??ng c? th? l?n. Nên cho mèo ki?m tra s?c kh?e ??nh k?, ki?m soát cân n?ng và tiêm phòng ??y ??. V?i tính cách hi?n lành, tr?m ?n và d? thích nghi, British Shorthair là gi?ng mèo r?t ???c ?a chu?ng ?? nuôi làm thú c?ng trong gia ?ình."	20 – 45 tri?u VN?	10 – 20 tri?u VN?	800 – 3.000 USD	5	1	3	2	small	0.536726234
125	Cat	caracal	12 n?m – 15 n?m	8 – 19 kg	40 – 50 cm	65 – 90 cm	"Caracal là loài mèo hoang dã c? trung, n?i b?t v?i thân hình s?n ch?c, tai dài có chùm lông ?en ??c tr?ng và kh? n?ng b?t nh?y c?c t?t. Khác v?i các gi?ng mèo nhà thông th??ng, Caracal có nhu c?u ch?m sóc r?t cao và ch? phù h?p v?i ng??i có kinh nghi?m nuôi thú ngo?i lai. V? ch? ?? ?n u?ng, Caracal là ??ng v?t ?n th?t thu?n túy, c?n kh?u ph?n giàu protein t? th?t t??i nh? gà, th?, cá ho?c th?t bò, kèm theo n?i t?ng ?? ??m b?o ?? d??ng ch?t. Th?c ?n công nghi?p cho mèo nhà không ?áp ?ng ?? nhu c?u dinh d??ng c?a Caracal.

Caracal có m?c n?ng l??ng r?t cao và c?n không gian r?ng ?? v?n ??ng, leo trèo và ch?y nh?y. Vi?c nuôi nh?t trong không gian ch?t h?p d? khi?n chúng b? stress ho?c có hành vi hung d?. C?n có khu v?c nuôi riêng, hàng rào ch?c ch?n và ?? ch?i l?n ?? kích thích b?n n?ng s?n m?i.

V? ch?m sóc lông, Caracal có b? lông ng?n, dày v?a ph?i nên khá d? ch?m sóc. Ch? c?n ch?i lông 1 l?n m?i tu?n ?? lo?i b? lông r?ng. Vi?c t?m ch? c?n th?c hi?n khi th?t s? c?n thi?t.

V? s?c kh?e, Caracal t??ng ??i kh?e m?nh nh?ng v?n c?n ???c tiêm phòng, t?y giun và theo dõi thú y ??nh k?, t?t nh?t là v?i bác s? thú y chuyên v? ??ng v?t hoang dã. Do b?n n?ng hoang dã m?nh, Caracal không phù h?p v?i gia ?ình có tr? nh? ho?c v?t nuôi khác. N?u ???c nuôi và hu?n luy?n ?úng cách, chúng có th? g?n bó v?i ch? nh?ng v?n gi? nhi?u ??c ?i?m hoang dã t? nhiên."	400 – 800 tri?u VN?	200 – 400 tri?u VN?	7.000 – 15.000 USD	4	4	1	5	medium	0.915514179
126	Cat	egyptian_mau	12 n?m – 15 n?m	3 – 6 kg	20 – 25 cm	45 – 55 cm	"Egyptian Mau là m?t trong s? ít gi?ng mèo có hoa v?n ??m t? nhiên, n?i b?t v?i thân hình thon g?n, c? b?p s?n ch?c và kh? n?ng ch?y r?t nhanh. Gi?ng mèo này thông minh, trung thành và th??ng ch? g?n bó ??c bi?t v?i m?t ng??i trong gia ?ình. V? ch? ?? ?n u?ng, Egyptian Mau c?n kh?u ph?n giàu protein ?? duy trì th? l?c và s? nhanh nh?n. Nên ?u tiên th?c ?n ch?t l??ng cao, h?n ch? tinh b?t và có th? k?t h?p th?c ?n ??t ?? h? tr? tiêu hóa và b? sung n??c.

Egyptian Mau có m?c n?ng l??ng khá cao, thích leo trèo, ch?y nh?y và ch?i các trò t??ng tác. Ch? nuôi nên dành th?i gian ch?i cùng mèo m?i ngày, chu?n b? tr? cào móng, k? leo ho?c ?? ch?i v?n ??ng ?? giúp mèo gi?i t?a n?ng l??ng và tránh stress. Tuy nhiên, gi?ng mèo này c?ng khá nh?y c?m v?i môi tr??ng l?, nên c?n không gian s?ng ?n ??nh và yên t?nh.

V? ch?m sóc lông, Egyptian Mau có b? lông ng?n, m?n và ôm sát c? th? nên r?t d? ch?m sóc. Ch? c?n ch?i lông 1–2 l?n m?i tu?n ?? lo?i b? lông r?ng và gi? lông bóng m??t. T?m không c?n th??ng xuyên, ch? khi mèo th?t s? b?n.

V? s?c kh?e, Egyptian Mau nhìn chung kh?e m?nh nh?ng có th? g?p m?t s? v?n ?? di truy?n nh? b?nh tim phì ??i (HCM) ho?c nh?y c?m v?i thu?c gây mê. Vì v?y, nên cho mèo ki?m tra s?c kh?e ??nh k?, tiêm phòng ??y ?? và thông báo cho bác s? thú y v? gi?ng mèo tr??c khi ti?n hành ph?u thu?t. V?i tính cách thông minh, tình c?m và trung thành, Egyptian Mau là gi?ng mèo lý t??ng cho ng??i nuôi có th?i gian t??ng tác."	25 – 45 tri?u VN?	12 – 22 tri?u VN?	1.000 – 3.000 USD	4	4	1	3	small	0.463689894
127	Cat	lykoi	12 n?m – 15 n?m	3 – 6 kg	22 – 28 cm	45 – 55 cm	"Lykoi, còn ???c g?i là “mèo ng??i sói”, là gi?ng mèo hi?m v?i ngo?i hình ??c tr?ng: b? lông th?a, không ??u và g??ng m?t g?n nh? tr?i lông. Do ??c ?i?m này, vi?c ch?m sóc Lykoi c?n chú ý nhi?u h?n ??n da và v? sinh c? th?. V? ch? ?? ?n u?ng, Lykoi c?n kh?u ph?n giàu protein ?? duy trì s?c kh?e, làn da và m?c n?ng l??ng. Nên s? d?ng th?c ?n ch?t l??ng cao, d? tiêu hóa và ??m b?o ?? vitamin, khoáng ch?t.

Do có nhi?u vùng da h?, Lykoi d? tích t? d?u và b?i b?n trên da. Ch? nuôi nên t?m cho mèo ??nh k? (kho?ng 1–2 l?n/tháng) b?ng s?a t?m chuyên d?ng cho mèo ?? tránh viêm da ho?c m?n. Ngoài ra, c?n lau m?t, tai và các vùng ít lông th??ng xuyên ?? gi? v? sinh.

Lykoi là gi?ng mèo n?ng ??ng, thông minh và khá gi?ng chó trong hành vi, thích theo ch? và ch?i các trò t??ng tác. Chúng c?n ???c ch?i ?ùa và v?n ??ng m?i ngày ?? tránh bu?n chán. Do ít lông, Lykoi khá nh?y c?m v?i nhi?t ??, d? b? l?nh ho?c cháy n?ng, nên c?n gi? ?m khi tr?i l?nh và tránh cho mèo ph?i n?ng quá lâu.

V? s?c kh?e, Lykoi nhìn chung kh?e m?nh, ch?a ghi nh?n nhi?u b?nh di truy?n nghiêm tr?ng, nh?ng v?n c?n ???c theo dõi da li?u và tiêm phòng ??y ??. V?i tính cách trung thành, tò mò và thân thi?n, Lykoi là gi?ng mèo ??c ?áo, phù h?p v?i ng??i nuôi có th?i gian ch?m sóc và thích nh?ng gi?ng mèo khác l?."	40 – 80 tri?u VN?	20 – 40 tri?u VN?	1.500 – 4.000 USD	3	3	3	2	small	0.480313024
128	Cat	maine_coon	12 n?m – 15 n?m	5 – 9 kg	25 – 41 cm	50 – 70 cm	"Maine Coon là m?t trong nh?ng gi?ng mèo nhà l?n nh?t th? gi?i, n?i b?t v?i thân hình to kh?e, ?uôi dài xù và b? lông dày giúp ch?u l?nh t?t. M?c dù có ngo?i hình to l?n, Maine Coon l?i có tính cách hi?n lành, thân thi?n và r?t qu?n ng??i. V? ch? ?? ?n u?ng, gi?ng mèo này c?n kh?u ph?n giàu protein ?? duy trì c? b?p và kích th??c c? th?, ??ng th?i ki?m soát l??ng th?c ?n ?? tránh th?a cân. Nên s? d?ng th?c ?n ch?t l??ng cao dành cho mèo c? l?n, có b? sung glucosamine ?? h? tr? x??ng kh?p.

Do kích th??c l?n và khá n?ng ??ng, Maine Coon c?n không gian ?? r?ng ?? di chuy?n và v?n ??ng. Ch? nuôi nên chu?n b? tr? cào móng l?n, ?? ch?i ch?c ch?n và dành th?i gian ch?i cùng mèo m?i ngày. Tuy nhiên, chúng không quá hi?u ??ng nh? Bengal mà th??ng v?n ??ng v?a ph?i.

V? ch?m sóc lông, Maine Coon có b? lông dài, dày và d? r?i, ??c bi?t ? vùng c? và b?ng. Vì v?y c?n ch?i lông 3–4 l?n m?i tu?n ?? tránh r?i và gi?m r?ng lông. T?m có th? th?c hi?n m?i vài tháng ho?c khi mèo quá b?n.

V? s?c kh?e, Maine Coon có nguy c? m?c m?t s? b?nh di truy?n nh? b?nh c? tim phì ??i (HCM), lo?n s?n x??ng hông và các v?n ?? v? kh?p do kích th??c l?n. Nên cho mèo khám s?c kh?e ??nh k?, theo dõi cân n?ng và tiêm phòng ??y ??. V?i tính cách hi?n hòa, thông minh và tình c?m, Maine Coon là gi?ng mèo r?t ???c ?a chu?ng trong các gia ?ình."	25 – 60 tri?u VN?	12 – 25 tri?u VN?	1.000 – 4.000 USD	1	3	4	2	small	0.628071104
129	Cat	nebelung	12 n?m – 16 n?m	3 – 6 kg	23 – 28 cm	45 – 55 cm	"Nebelung là gi?ng mèo lông dài màu xám xanh (blue) hi?m g?p, n?i b?t v?i b? lông m?m m??t, óng ánh b?c và thân hình thon g?n. Gi?ng mèo này có tính cách ?i?m ??m, nh?y c?m và th??ng ch? g?n bó thân thi?t v?i m?t ng??i trong gia ?ình. V? ch? ?? ?n u?ng, Nebelung c?n kh?u ph?n giàu protein, cân ??i d??ng ch?t ?? duy trì s?c kh?e và ?? bóng c?a b? lông. Nên ?u tiên th?c ?n ch?t l??ng cao, h?n ch? th?c ph?m có màu nhân t?o vì có th? ?nh h??ng ??n s?c lông.

Nebelung không quá hi?u ??ng nh?ng v?n c?n ???c ch?i và t??ng tác h?ng ngày ?? tránh stress. Chúng thích môi tr??ng yên t?nh, ?n ??nh và không phù h?p v?i không gian quá ?n ào. Ch? nuôi nên dành th?i gian ch?i nh? nhàng cùng mèo, chu?n b? ?? ch?i ??n gi?n và khu v?c ngh? ng?i riêng cho mèo.

V? ch?m sóc lông, Nebelung có b? lông dài, m?n nh?ng ít r?i h?n nhi?u gi?ng mèo lông dài khác. Tuy nhiên, v?n c?n ch?i lông kho?ng 2–3 l?n m?i tu?n ?? lo?i b? lông r?ng và gi? lông luôn m??t. T?m không c?n th??ng xuyên, ch? khi mèo th?t s? b?n.

V? s?c kh?e, Nebelung nhìn chung khá kh?e m?nh, ít b?nh di truy?n nghiêm tr?ng. Tuy nhiên, gi?ng mèo này có th? nh?y c?m v?i môi tr??ng và thay ??i thói quen sinh ho?t. Vì v?y, nên cho mèo khám s?c kh?e ??nh k?, tiêm phòng ??y ?? và duy trì l?ch sinh ho?t ?n ??nh. V?i tính cách d?u dàng, trung thành và h?i nhút nhát, Nebelung r?t phù h?p v?i ng??i nuôi thích s? yên t?nh và g?n bó sâu s?c v?i thú c?ng."	30 – 60 tri?u VN?	15 – 30 tri?u VN?	1.200 – 4.000 USD	1	3	4	1	small	0.48363765
130	Cat	persian	12 n?m – 17 n?m	3 – 5.5 kg	25 – 30 cm	40 – 50 cm	"Persian là gi?ng mèo lông dài n?i ti?ng v?i khuôn m?t t?t, m?i ng?n và b? lông dày, m?m m??t. Gi?ng mèo này có tính cách hi?n lành, tr?m t?nh và thích không gian s?ng yên t?nh. Vi?c ch?m sóc Persian ?òi h?i s? kiên nh?n và ??u ??n, ??c bi?t là v? lông và v? sinh m?t. V? ch? ?? ?n u?ng, Persian c?n th?c ?n giàu protein, d? tiêu hóa và có b? sung vitamin, khoáng ch?t ?? duy trì s?c kh?e và b? lông dài. Nên chia kh?u ph?n thành nhi?u b?a nh? ?? h?n ch? các v?n ?? tiêu hóa.

Do c?u trúc m?t t?t, Persian d? b? ch?y n??c m?t và các v?n ?? hô h?p. Ch? nuôi c?n lau m?t và m?t h?ng ngày ?? tránh viêm nhi?m và ? lông. Ngoài ra, do không quá hi?u ??ng, Persian d? t?ng cân, nên c?n khuy?n khích v?n ??ng nh? nhàng thông qua các trò ch?i ??n gi?n trong nhà.

V? ch?m sóc lông, Persian c?n ???c ch?i lông m?i ngày ?? tránh r?i và vón c?c. Vi?c t?m nên th?c hi?n ??nh k? kho?ng 3–4 tu?n m?t l?n b?ng s?a t?m chuyên d?ng cho mèo lông dài. N?u không ???c ch?m sóc ?úng cách, lông Persian r?t d? r?i và gây khó ch?u cho mèo.

V? s?c kh?e, Persian có nguy c? m?c m?t s? b?nh di truy?n nh? th?n ?a nang (PKD), các v?n ?? v? hô h?p và r?ng mi?ng. Vì v?y, nên cho mèo ki?m tra s?c kh?e ??nh k?, tiêm phòng ??y ?? và theo dõi k? tình tr?ng m?t, m?i. V?i tính cách d?u dàng, tình c?m và d? g?n, Persian là gi?ng mèo phù h?p v?i ng??i nuôi có th?i gian ch?m sóc th??ng xuyên."	15 – 35 tri?u VN?	7 – 15 tri?u VN?	500 – 2.500 USD	2	1	4	1	small	0.469496446
131	Cat	ragdoll	12 n?m – 17 n?m	4.5 – 9 kg	23 – 28 cm	50 – 60 cm	"Ragdoll là gi?ng mèo lông dài n?i ti?ng v?i tính cách hi?n lành, d? ch?u và r?t qu?n ng??i. Tên g?i “Ragdoll” xu?t phát t? thói quen th? l?ng c? th? nh? búp bê v?i khi ???c b?. V? ch? ?? ?n u?ng, Ragdoll c?n kh?u ph?n giàu protein và cân ??i d??ng ch?t ?? duy trì c? b?p và b? lông dài m?m m??t. Do c? th? khá l?n và ít hi?u ??ng, c?n ki?m soát kh?u ph?n ?n ?? tránh th?a cân.

Ragdoll có m?c n?ng l??ng trung bình, không quá hi?u ??ng nh?ng v?n thích ch?i và t??ng tác v?i ch?. Các trò ch?i nh? nhàng trong nhà, ?? ch?i t??ng tác ho?c th?i gian ch?i cùng ch? m?i ngày là ?? ?? giúp mèo v?n ??ng và tránh bu?n chán. Gi?ng mèo này r?t thân thi?n, hòa ??ng v?i tr? em và các v?t nuôi khác, phù h?p v?i môi tr??ng gia ?ình.

V? ch?m sóc lông, Ragdoll có b? lông dài, m?m nh?ng ít r?i h?n Persian. Tuy nhiên, v?n c?n ch?i lông kho?ng 2–3 l?n m?i tu?n ?? lo?i b? lông r?ng và gi? lông m??t. Vi?c t?m không c?n th??ng xuyên, ch? khi mèo quá b?n.

V? s?c kh?e, Ragdoll có nguy c? m?c m?t s? b?nh di truy?n nh? b?nh c? tim phì ??i (HCM) và các v?n ?? v? kh?p do kích th??c c? th? l?n. Nên cho mèo khám s?c kh?e ??nh k?, ki?m soát cân n?ng và tiêm phòng ??y ??. V?i tính cách d?u dàng, tình c?m và d? thích nghi, Ragdoll là gi?ng mèo lý t??ng cho ng??i nuôi l?n ??u ho?c gia ?ình có tr? nh?."	25 – 50 tri?u VN?	12 – 25 tri?u VN?	800 – 3.500 USD	3	1	4	2	small	0.550762006
132	Cat	russian_blue	15 n?m – 20 n?m	3 – 5.5 kg	23 – 28 cm	45 – 55 cm	"Russian Blue là gi?ng mèo n?i b?t v?i b? lông ng?n màu xám xanh ánh b?c, dày và m?n, cùng ?ôi m?t xanh l?c ??c tr?ng. Gi?ng mèo này có tính cách ?i?m ??m, thông minh và khá nhút nhát v?i ng??i l?, nh?ng r?t trung thành và qu?n ch? khi ?ã thân quen. V? ch? ?? ?n u?ng, Russian Blue c?n kh?u ph?n cân ??i, giàu protein ?? duy trì vóc dáng thon g?n. Do gi?ng mèo này d? t?ng cân, c?n ki?m soát l??ng th?c ?n và h?n ch? cho ?n v?t.

Russian Blue không quá hi?u ??ng nh?ng v?n c?n ???c ch?i và t??ng tác h?ng ngày. Chúng thích môi tr??ng yên t?nh, ?n ??nh và th??ng không thích s? thay ??i ??t ng?t. Ch? nuôi nên chu?n b? ?? ch?i ??n gi?n, tr? cào móng và dành th?i gian ch?i nh? nhàng v?i mèo m?i ngày.

V? ch?m sóc lông, Russian Blue có b? lông ng?n nh?ng r?t dày, nên c?n ch?i lông 1–2 l?n m?i tu?n ?? lo?i b? lông r?ng và gi? lông luôn bóng m??t. Vi?c t?m không c?n th??ng xuyên vì lông c?a chúng ít bám b?n và có kh? n?ng t? làm s?ch t?t.

V? s?c kh?e, Russian Blue nhìn chung r?t kh?e m?nh, ít b?nh di truy?n nghiêm tr?ng. Tuy nhiên, gi?ng mèo này có xu h??ng nh?y c?m v?i stress và thay ??i môi tr??ng. Vì v?y, nên cho mèo khám s?c kh?e ??nh k?, tiêm phòng ??y ?? và duy trì l?ch sinh ho?t ?n ??nh. V?i tính cách d?u dàng, trung thành và s?ch s?, Russian Blue là gi?ng mèo r?t ???c yêu thích trong các gia ?ình yên t?nh."	20 – 45 tri?u VN?	10 – 20 tri?u VN?	800 – 3.000 USD	1	3	1	1	small	0.478677069
133	Cat	scottish_fold	11 n?m – 15 n?m	2.7 – 6 kg	20 – 25 cm	45 – 55 cm	"Scottish Fold là gi?ng mèo n?i b?t v?i ?ôi tai c?p v? phía tr??c, t?o nên v? ngoài r?t ??c tr?ng và d? th??ng. Gi?ng mèo này có tính cách hi?n lành, thân thi?n, qu?n ng??i và thích môi tr??ng s?ng yên t?nh. V? ch? ?? ?n u?ng, Scottish Fold c?n kh?u ph?n cân ??i, giàu protein ?? duy trì s?c kh?e t?ng th?. Do gi?ng mèo này có xu h??ng t?ng cân, c?n ki?m soát l??ng th?c ?n và h?n ch? ?? ?n v?t.

Scottish Fold không quá hi?u ??ng nh?ng v?n c?n v?n ??ng nh? nhàng m?i ngày thông qua các trò ch?i trong nhà ho?c t??ng tác v?i ch?. Chúng thích n?m g?n con ng??i và th??ng theo ch? trong sinh ho?t h?ng ngày.

V? ch?m sóc, ?ôi tai c?p c?a Scottish Fold c?n ???c chú ý ??c bi?t. Ch? nuôi nên v? sinh tai ??nh k? ?? tránh tích t? ráy tai và nhi?m trùng. B? lông c?a Scottish Fold có th? là lông ng?n ho?c lông dài, nên c?n ch?i lông 2–3 l?n m?i tu?n ?? lo?i b? lông r?ng và gi? lông g?n gàng.

V? s?c kh?e, Scottish Fold có nguy c? m?c b?nh di truy?n liên quan ??n s?n và x??ng (osteochondrodysplasia), gây ?au kh?p và h?n ch? v?n ??ng, ??c bi?t ? các cá th? mang gen tai c?p kép. Vì v?y, c?n theo dõi dáng ?i, kh? n?ng v?n ??ng và cho mèo khám s?c kh?e ??nh k?. V?i tính cách d?u dàng, d? g?n và tình c?m, Scottish Fold là gi?ng mèo r?t ???c yêu thích, nh?ng ng??i nuôi c?n hi?u rõ ??c ?i?m s?c kh?e c?a gi?ng tr??c khi quy?t ??nh nuôi."	18 – 40 tri?u VN?	8 – 18 tri?u VN?	700 – 2.500 USD	2	1	4	2	small	0.460713545
134	Cat	siamese	12 n?m – 20 n?m	2.5 – 5 kg	20 – 25 cm	45 – 55 cm	"Siamese là gi?ng mèo n?i ti?ng v?i b? lông ng?n, màu point ??c tr?ng (tai, m?t, chân, ?uôi s?m màu) và ?ôi m?t xanh lam. Gi?ng mèo này r?t thông minh, ho?t bát và c?c k? qu?n ng??i, th?m chí có xu h??ng “nói chuy?n” nhi?u v?i ch?. V? ch? ?? ?n u?ng, Siamese c?n kh?u ph?n giàu protein ?? duy trì c? th? thon g?n và m?c n?ng l??ng cao. Nên ch?n th?c ?n ch?t l??ng cao và chia kh?u ph?n thành nhi?u b?a nh? trong ngày.

Siamese có m?c n?ng l??ng cao, thích leo trèo, ch?y nh?y và ch?i các trò t??ng tác. Ch? nuôi nên dành nhi?u th?i gian ch?i cùng mèo, chu?n b? tr? cào móng, k? leo ho?c ?? ch?i thông minh ?? tránh mèo bu?n chán và có hành vi phá phách. Gi?ng mèo này không thích b? b? m?t mình quá lâu.

V? ch?m sóc lông, Siamese có b? lông ng?n, m?n và r?t ít r?ng nên vi?c ch?m sóc khá ??n gi?n. Ch? c?n ch?i lông 1 l?n m?i tu?n ?? lo?i b? lông r?ng. T?m không c?n th??ng xuyên, ch? khi mèo th?t s? b?n.

V? s?c kh?e, Siamese có th? g?p m?t s? v?n ?? di truy?n nh? b?nh hô h?p, b?nh tim, lác m?t ho?c các v?n ?? r?ng mi?ng. Vì v?y, c?n cho mèo ki?m tra s?c kh?e ??nh k?, tiêm phòng ??y ?? và theo dõi k? tình tr?ng r?ng, m?t. V?i tính cách thông minh, tình c?m và trung thành, Siamese là gi?ng mèo r?t phù h?p v?i ng??i nuôi có nhi?u th?i gian t??ng tác."	15 – 30 tri?u VN?	7 – 15 tri?u VN?	600 – 2.500 USD	4	4	1	3	small	0.448808151
135	Cat	sphynx	12 n?m – 15 n?m	3 – 5 kg	20 – 25 cm	40 – 50 cm	"Sphynx là gi?ng mèo không lông (ho?c r?t ít lông) v?i làn da nh?n ??c tr?ng và ngo?i hình ??c ?áo. Do không có l?p lông b?o v?, vi?c ch?m sóc Sphynx t?p trung nhi?u vào da, nhi?t ?? c? th? và v? sinh. V? ch? ?? ?n u?ng, Sphynx có t?c ?? trao ??i ch?t cao nên c?n kh?u ph?n giàu protein và n?ng l??ng, th??ng ?n nhi?u h?n so v?i các gi?ng mèo có lông.

Do không có lông, da Sphynx ti?t nhi?u d?u và d? bám b?n. Ch? nuôi c?n t?m cho mèo ??u ??n kho?ng 1 l?n/tu?n b?ng s?a t?m chuyên d?ng ?? tránh tích t? d?u, gây mùi ho?c viêm da. Ngoài ra, c?n v? sinh tai, m?t và móng th??ng xuyên vì b?i b?n d? tích t? ? nh?ng v? trí này.

Sphynx r?t qu?n ng??i, thích h?i ?m và không ch?u ???c l?nh. C?n gi? ?m cho mèo b?ng qu?n áo, ch?n ?m và tránh gió lùa. ??ng th?i, c?ng c?n h?n ch? ?? mèo ti?p xúc tr?c ti?p v?i ánh n?ng g?t vì da d? b? cháy n?ng.

V? s?c kh?e, Sphynx có nguy c? m?c b?nh c? tim phì ??i (HCM) và các v?n ?? da li?u. Vì v?y, nên cho mèo ki?m tra s?c kh?e ??nh k?, tiêm phòng ??y ?? và theo dõi tình tr?ng da th??ng xuyên. V?i tính cách thân thi?n, tình c?m và thích ???c ôm ?p, Sphynx là gi?ng mèo r?t phù h?p cho ng??i nuôi có th?i gian ch?m sóc và t??ng tác nhi?u."	30 – 60 tri?u VN?	15 – 30 tri?u VN?	1.000 – 4.000 USD	3	3	3	2	small	0.431289605
136	Cat	toyger	12 n?m – 15 n?m	3 – 7 kg	20 – 30 cm	45 – 55 cm	"Toyger là gi?ng mèo ???c lai t?o ?? có ngo?i hình gi?ng h? thu nh?, v?i b? lông v?n s?c rõ nét và thân hình s?n ch?c. M?c dù có v? ngoài hoang dã, Toyger l?i là gi?ng mèo nhà r?t thân thi?n, thông minh và qu?n ng??i. V? ch? ?? ?n u?ng, Toyger c?n kh?u ph?n giàu protein ?? duy trì c? b?p và m?c n?ng l??ng. Nên s? d?ng th?c ?n ch?t l??ng cao, h?n ch? tinh b?t và chia kh?u ph?n h?p lý ?? tránh th?a cân.

Toyger có m?c n?ng l??ng trung bình ??n cao, thích v?n ??ng và ch?i các trò t??ng tác. Ch? nuôi nên dành th?i gian ch?i cùng mèo m?i ngày, chu?n b? tr? cào móng, ?? ch?i thông minh ho?c hu?n luy?n các trò ??n gi?n ?? kích thích trí tu?. Gi?ng mèo này khá hòa ??ng và thích t??ng tác v?i con ng??i.

V? ch?m sóc lông, Toyger có b? lông ng?n, dày và r?t d? ch?m sóc. Ch? c?n ch?i lông 1–2 l?n m?i tu?n ?? lo?i b? lông r?ng và gi? hoa v?n v?n s?c rõ nét. Vi?c t?m không c?n th??ng xuyên, ch? khi mèo th?t s? b?n.

V? s?c kh?e, Toyger nhìn chung kh?e m?nh và ít b?nh di truy?n nghiêm tr?ng. Tuy nhiên, v?n c?n theo dõi cân n?ng và cho mèo khám s?c kh?e ??nh k?, tiêm phòng ??y ??. V?i tính cách thông minh, n?ng ??ng và thân thi?n, Toyger là gi?ng mèo phù h?p v?i gia ?ình thích s? ??c ?áo v? ngo?i hình nh?ng v?n mu?n m?t thú c?ng d? g?n."	35 – 70 tri?u VN?	20 – 40 tri?u VN?	1.500 – 5.000 USD	3	3	1	2	small	0.490234186
137	Cat	turkish_van	12 n?m – 17 n?m	3 – 7 kg	23 – 28 cm	45 – 55 cm	"Turkish Van là gi?ng mèo n?i ti?ng v?i b? lông tr?ng ch? ??o, màu ch? t?p trung ? ??u và ?uôi, cùng tính cách ??c bi?t yêu thích n??c. Gi?ng mèo này có thân hình to kh?e, c? b?p s?n ch?c và m?c n?ng l??ng khá cao. V? ch? ?? ?n u?ng, Turkish Van c?n kh?u ph?n giàu protein ?? duy trì th? l?c và c? b?p. Nên ch?n th?c ?n ch?t l??ng cao, cân ??i d??ng ch?t và chia kh?u ph?n h?p lý ?? tránh th?a cân.

Turkish Van r?t n?ng ??ng, thích ch?y nh?y, leo trèo và ch?i các trò t??ng tác. Ch? nuôi nên dành th?i gian ch?i cùng mèo m?i ngày, chu?n b? tr? cào móng, k? leo ho?c ?? ch?i v?n ??ng. ??c bi?t, gi?ng mèo này không s? n??c và có th? thích ch?i v?i n??c, vì v?y c?n ??m b?o khu v?c n??c trong nhà an toàn.

V? ch?m sóc lông, Turkish Van có b? lông bán dài, m?m và ít l?p lông t? nên ít r?i h?n nhi?u gi?ng mèo lông dài khác. Ch? c?n ch?i lông 2–3 l?n m?i tu?n ?? lo?i b? lông r?ng. Vi?c t?m có th? th?c hi?n khi c?n, và m?t s? cá th? th?m chí còn thích ???c t?m.

V? s?c kh?e, Turkish Van nhìn chung kh?e m?nh, ít b?nh di truy?n nghiêm tr?ng. Tuy nhiên, do thân hình l?n và n?ng ??ng, c?n theo dõi kh?p và cân n?ng. Nên cho mèo khám s?c kh?e ??nh k?, tiêm phòng ??y ??. V?i tính cách thông minh, n?ng ??ng và ??c l?p, Turkish Van phù h?p v?i ng??i nuôi có không gian và th?i gian t??ng tác."	20 – 45 tri?u VN?	10 – 20 tri?u VN?	800 – 3.000 USD	4	4	4	3	small	0.493558812
138	Cat	vankedisi	12 n?m – 17 n?m	3 – 7 kg	23 – 28 cm	45 – 55 cm	"Van Kedisi (còn g?i là mèo Van Th? Nh? K? b?n ??a) là gi?ng mèo hi?m có ngu?n g?c t? vùng h? Van, n?i b?t v?i b? lông tr?ng tuy?t, thân hình thanh thoát và ?ôi m?t có th? khác màu (odd-eyes). Gi?ng mèo này thông minh, nhanh nh?n và r?t trung thành v?i ch?. V? ch? ?? ?n u?ng, Van Kedisi c?n kh?u ph?n giàu protein, cân ??i d??ng ch?t ?? duy trì c? th? s?n ch?c và s?c kh?e t?ng th?. Nên ?u tiên th?c ?n ch?t l??ng cao, k?t h?p th?c ?n ??t ?? b? sung n??c.

Van Kedisi có m?c n?ng l??ng khá cao, thích leo trèo, ch?y nh?y và khám phá môi tr??ng xung quanh. Ch? nuôi nên chu?n b? không gian ?? r?ng, tr? cào móng và ?? ch?i t??ng tác ?? giúp mèo v?n ??ng h?ng ngày. Gi?ng mèo này khá ??c l?p nh?ng v?n c?n ???c t??ng tác th??ng xuyên ?? tránh bu?n chán.

V? ch?m sóc lông, Van Kedisi có b? lông bán dài, m?m và ít l?p lông t? nên t??ng ??i d? ch?m sóc. Ch? c?n ch?i lông kho?ng 2 l?n m?i tu?n ?? lo?i b? lông r?ng và gi? lông s?ch ??p. T?m ch? c?n th?c hi?n khi mèo b?n, không c?n quá th??ng xuyên.

V? s?c kh?e, Van Kedisi nhìn chung kh?e m?nh và ít b?nh di truy?n nghiêm tr?ng. Tuy nhiên, do là gi?ng mèo hi?m, vi?c nhân gi?ng không ki?m soát có th? ?nh h??ng ??n ch?t l??ng dòng máu. Vì v?y, nên cho mèo khám s?c kh?e ??nh k?, tiêm phòng ??y ?? và duy trì ch? ?? sinh ho?t ?n ??nh. V?i tính cách thông minh, trung thành và ngo?i hình thanh l?ch, Van Kedisi là gi?ng mèo ???c ?ánh giá r?t cao t?i Th? Nh? K?."	30 – 60 tri?u VN?	15 – 30 tri?u VN?	1.000 – 3.500 USD	4	4	1	3	small	0.493558812
139	Cat	burmese	12 n?m – 16 n?m	3 – 6 kg	25 – 30 cm	40 – 46 cm	"Burmese là gi?ng mèo thân thi?n, thông minh và r?t qu?n ng??i, vì v?y chúng c?n ???c quan tâm và t??ng tác th??ng xuyên. V? ch? ?? ?n, Burmese có c? ??a s?n ch?c, nhi?u c? b?p nên c?n th?c ?n giàu ??m ??ng v?t, ?u tiên các lo?i th?c ?n ch?t l??ng cao dành cho mèo tr??ng thành. Có th? k?t h?p th?c ?n h?t và pate ??t ?? ??m b?o ?? dinh d??ng và h?n ch? các v?n ?? v? th?n.
V? v?n ??ng, Burmese khá hi?u ??ng và thích ch?i ?ùa, leo trèo. Ch? nuôi nên chu?n b? ?? ch?i, tr? cào móng ho?c không gian leo trèo trong nhà ?? giúp mèo gi?i t?a n?ng l??ng và tránh bu?n chán. Chúng thích ? trong nhà và không c?n ra ngoài th??ng xuyên nh? m?t s? gi?ng mèo khác.

V? s?c kh?e, Burmese nhìn chung kh?e m?nh nh?ng có th? g?p m?t s? v?n ?? di truy?n nh? b?nh n??u r?ng ho?c b?nh tim nh?. Vi?c v? sinh r?ng mi?ng ??nh k?, khám thú y th??ng xuyên và tiêm phòng ??y ?? là r?t quan tr?ng. Tính cách c?a Burmese r?t tình c?m, hòa ??ng v?i tr? em và các v?t nuôi khác, phù h?p v?i gia ?ình c?n m?t gi?ng mèo thân thi?n, g?n bó và d? ch?m sóc."	15 – 30 tri?u VN?	7 – 12 tri?u VN?	800 – 2000 USD	2	1	1	2	small	0.465465377
